{"pxObjClass":"PegaAES-Data-CDHSnapshot-BizPerf-ImpactAnalyzer-Daily","pxResults":[{"PlatformVersion":"08-24-54","pxObjClass":"PegaAES-Data-CDHSnapshot-Aggregate","ProductionLevel":"5","SnapshotTime":"2025-07-18T13:30:09.419Z","DeploymentTopology":"true","ClusterName":"lmms-cloudprod","CustomerID":"PegaLMMS","pxResults":[{"Heading":"Lift analysis not available for the selected timeframe and context","IsActive":false,"Accepts_Control":0,"EngagementLiftInterval":0.0,"ConfidenceLevel":"","SnapshotTime":"1970-01-01T00:00:00.000Z","ExperimentName":"NBAHealth_EngagementPolicy","AcceptRate_Control":0.0,"RunType":"Impact Analyzer","ApplicationStack":"LMMS","AcceptRate_NBA":0.0,"KeyIdentifier":"NBAHealth_EngagementPolicy!Email!Yesterday","IsSignificant":false,"LastDataReceived":"Yesterday","ExperimentLabel":"How is Next-Best-Action performing against applying only eligibility criteria?","AggregationFrequency":"Daily","ActionValuePerImp_NBA":0.0,"pzInsKey":"PEGAAES-DATA-CDHSNAPSHOT-BIZPERF-IMPACTANALYZER-DAILY LMMS-CLOUDPROD!19700101T000000.000 GMT!LMMS!IMPACT ANALYZER!NBAHEALTH_ENGAGEMENTPOLICY!EMAIL!YESTERDAY","Accepts_NBA":1845,"pxObjClass":"PegaAES-Data-CDHSnapshot-BizPerf-ImpactAnalyzer-Daily","Guidance":"Unable to calculate value and engagement lift because the test and or/control group does not have any clicks or accepts","Impressions_NBA":10364,"Impressions_Control":0,"Type":"Impact Analyzer","ChannelName":"Email","ValueLift":0E-9,"ActionValuePerImp_Control":0.0,"EngagementLift":0E-9,"ExperimentColor":"Gray","ValueLiftInterval":0.0},{"Heading":"Lift analysis not available for the selected timeframe and context","IsActive":true,"EngagementLiftInterval":0.0,"Accepts_Control":19,"ConfidenceLevel":"","SnapshotTime":"1970-01-01T00:00:00.000Z","ExperimentName":"NBAHealth_ModelControl","AcceptRate_Control":0.0,"RunType":"Impact Analyzer","ApplicationStack":"LMMS","AcceptRate_NBA":0.0,"KeyIdentifier":"NBAHealth_ModelControl!Email!Yesterday","LastDataReceived":"Yesterday","IsSignificant":false,"ExperimentLabel":"How is adaptive model propensity performing against a random propensity?","AggregationFrequency":"Daily","pzInsKey":"PEGAAES-DATA-CDHSNAPSHOT-BIZPERF-IMPACTANALYZER-DAILY LMMS-CLOUDPROD!19700101T000000.000 GMT!LMMS!IMPACT ANALYZER!NBAHEALTH_MODELCONTROL!EMAIL!YESTERDAY","ActionValuePerImp_NBA":0.0,"Accepts_NBA":0,"pxObjClass":"PegaAES-Data-CDHSnapshot-BizPerf-ImpactAnalyzer-Daily","Guidance":"Unable to calculate value and engagement lift because the test and or/control group does not have any clicks or accepts","Impressions_NBA":40,"Impressions_Control":41,"Type":"Impact Analyzer","ChannelName":"Email","ValueLift":0E-9,"ActionValuePerImp_Control":0.0,"EngagementLift":-1.000000000,"ValueLiftInterval":0.0,"ExperimentColor":"Gray"},{"Heading":"Lift analysis not available for the selected timeframe and context","IsActive":true,"EngagementLiftInterval":0.0,"Accepts_Control":19,"ConfidenceLevel":"","SnapshotTime":"1970-01-01T00:00:00.000Z","ExperimentName":"NBAHealth_ModelControl","AcceptRate_Control":0.0,"RunType":"Impact Analyzer","ApplicationStack":"LMMS","AcceptRate_NBA":0.0,"KeyIdentifier":"NBAHealth_ModelControl!All channels!Yesterday","IsSignificant":false,"LastDataReceived":"Yesterday","ExperimentLabel":"How is adaptive model propensity performing against a random propensity?","AggregationFrequency":"Daily","ActionValuePerImp_NBA":0.0,"pzInsKey":"PEGAAES-DATA-CDHSNAPSHOT-BIZPERF-IMPACTANALYZER-DAILY LMMS-CLOUDPROD!19700101T000000.000 GMT!LMMS!IMPACT ANALYZER!NBAHEALTH_MODELCONTROL!ALL CHANNELS!YESTERDAY","Accepts_NBA":0,"Guidance":"Unable to calculate value and engagement lift because the test and or/control group does not have any clicks or accepts","pxObjClass":"PegaAES-Data-CDHSnapshot-BizPerf-ImpactAnalyzer-Daily","Impressions_Control":51,"Impressions_NBA":71,"Type":"Impact Analyzer","ChannelName":"All channels","ActionValuePerImp_Control":0.0,"ValueLift":0E-9,"EngagementLift":-1.000000000,"ExperimentColor":"Gray","ValueLiftInterval":0.0},{"Heading":"Well done. Next-Best-Action is delivering value and engagement lift.","Accepts_Control":8,"EngagementLiftInterval":1.35,"IsActive":true,"ConfidenceLevel":"","SnapshotTime":"1970-01-01T00:00:00.000Z","ExperimentName":"NBAHealth_NBAPrioritization","AcceptRate_Control":0.0,"RunType":"Impact Analyzer","ApplicationStack":"LMMS","AcceptRate_NBA":0.0,"KeyIdentifier":"NBAHealth_NBAPrioritization!All channels!Yesterday","IsSignificant":false,"LastDataReceived":"Yesterday","ExperimentLabel":"How is Next-Best-Action performing against a random relevant action?","AggregationFrequency":"Daily","ActionValuePerImp_NBA":0.0,"pzInsKey":"PEGAAES-DATA-CDHSNAPSHOT-BIZPERF-IMPACTANALYZER-DAILY LMMS-CLOUDPROD!19700101T000000.000 GMT!LMMS!IMPACT ANALYZER!NBAHEALTH_NBAPRIORITIZATION!ALL CHANNELS!YESTERDAY","Accepts_NBA":1845,"pxObjClass":"PegaAES-Data-CDHSnapshot-BizPerf-ImpactAnalyzer-Daily","Guidance":"Nothing specific to do right now. Continue to monitor.","Impressions_Control":129,"Impressions_NBA":14864,"Type":"Impact Analyzer","ChannelName":"All channels","ActionValuePerImp_Control":0.0,"ValueLift":0E-9,"EngagementLift":1.001522134,"ExperimentColor":"Green","ValueLiftInterval":0.0},{"Heading":"Your models might not be performing as expected.","EngagementLiftInterval":0.35,"IsActive":true,"Accepts_Control":20,"ConfidenceLevel":"","SnapshotTime":"1970-01-01T00:00:00.000Z","ExperimentName":"NBAHealth_LeverPriority","AcceptRate_Control":0.0,"RunType":"Impact Analyzer","ApplicationStack":"LMMS","AcceptRate_NBA":0.0,"KeyIdentifier":"NBAHealth_LeverPriority!Email!Yesterday","IsSignificant":false,"LastDataReceived":"Yesterday","ExperimentLabel":"How is Next-Best-Action performing against arbitrating with no levers?","AggregationFrequency":"Daily","ActionValuePerImp_NBA":0.0,"pzInsKey":"PEGAAES-DATA-CDHSNAPSHOT-BIZPERF-IMPACTANALYZER-DAILY LMMS-CLOUDPROD!19700101T000000.000 GMT!LMMS!IMPACT ANALYZER!NBAHEALTH_LEVERPRIORITY!EMAIL!YESTERDAY","Accepts_NBA":1845,"Guidance":"Check “Performance of AI” test and review models in Prediction Studio","pxObjClass":"PegaAES-Data-CDHSnapshot-BizPerf-ImpactAnalyzer-Daily","Impressions_Control":101,"Impressions_NBA":10364,"Type":"Impact Analyzer","ChannelName":"Email","ActionValuePerImp_Control":0.0,"ValueLift":0E-9,"EngagementLift":-0.100998649,"ExperimentColor":"Red","ValueLiftInterval":0.0},{"Heading":"Lift analysis not available for the selected timeframe and context","Accepts_Control":0,"EngagementLiftInterval":0.0,"IsActive":true,"ConfidenceLevel":"","SnapshotTime":"1970-01-01T00:00:00.000Z","ExperimentName":"NBAHealth_LeverPriority","AcceptRate_Control":0.0,"RunType":"Impact Analyzer","ApplicationStack":"LMMS","AcceptRate_NBA":0.0,"KeyIdentifier":"NBAHealth_LeverPriority!Web!Yesterday","IsSignificant":false,"LastDataReceived":"Yesterday","ExperimentLabel":"How is Next-Best-Action performing against arbitrating with no levers?","AggregationFrequency":"Daily","ActionValuePerImp_NBA":0.0,"pzInsKey":"PEGAAES-DATA-CDHSNAPSHOT-BIZPERF-IMPACTANALYZER-DAILY LMMS-CLOUDPROD!19700101T000000.000 GMT!LMMS!IMPACT ANALYZER!NBAHEALTH_LEVERPRIORITY!WEB!YESTERDAY","Accepts_NBA":0,"Guidance":"Unable to calculate value and engagement lift because the test and or/control group does not have any clicks or accepts","pxObjClass":"PegaAES-Data-CDHSnapshot-BizPerf-ImpactAnalyzer-Daily","Impressions_NBA":4500,"Impressions_Control":72,"Type":"Impact Analyzer","ChannelName":"Web","ValueLift":0E-9,"ActionValuePerImp_Control":0.0,"EngagementLift":0E-9,"ValueLiftInterval":0.0,"ExperimentColor":"Gray"},{"Heading":"Your models might not be performing as expected.","EngagementLiftInterval":0.44,"IsActive":true,"Accepts_Control":20,"ConfidenceLevel":"","SnapshotTime":"1970-01-01T00:00:00.000Z","ExperimentName":"NBAHealth_LeverPriority","AcceptRate_Control":0.0,"RunType":"Impact Analyzer","ApplicationStack":"LMMS","AcceptRate_NBA":0.0,"KeyIdentifier":"NBAHealth_LeverPriority!All channels!Yesterday","LastDataReceived":"Yesterday","IsSignificant":false,"ExperimentLabel":"How is Next-Best-Action performing against arbitrating with no levers?","AggregationFrequency":"Daily","pzInsKey":"PEGAAES-DATA-CDHSNAPSHOT-BIZPERF-IMPACTANALYZER-DAILY LMMS-CLOUDPROD!19700101T000000.000 GMT!LMMS!IMPACT ANALYZER!NBAHEALTH_LEVERPRIORITY!ALL CHANNELS!YESTERDAY","ActionValuePerImp_NBA":0.0,"Accepts_NBA":1845,"pxObjClass":"PegaAES-Data-CDHSnapshot-BizPerf-ImpactAnalyzer-Daily","Guidance":"Check “Performance of AI” test and review models in prediction studio.","Impressions_NBA":14864,"Impressions_Control":173,"Type":"Impact Analyzer","ChannelName":"All channels","ValueLift":0E-9,"ActionValuePerImp_Control":0.0,"EngagementLift":0.073684742,"ValueLiftInterval":0.0,"ExperimentColor":"Red"},{"Heading":"Value and/or lever bias may be hurting customer engagement.","IsActive":true,"EngagementLiftInterval":0.45,"Accepts_Control":15,"ConfidenceLevel":"","SnapshotTime":"1970-01-01T00:00:00.000Z","ExperimentName":"NBAHealth_PropensityPriority","AcceptRate_Control":0.0,"RunType":"Impact Analyzer","ApplicationStack":"LMMS","AcceptRate_NBA":0.0,"KeyIdentifier":"NBAHealth_PropensityPriority!All channels!Yesterday","LastDataReceived":"Yesterday","IsSignificant":false,"ExperimentLabel":"How is Next-Best-Action performing against arbitrating by propensity-only?","AggregationFrequency":"Daily","ActionValuePerImp_NBA":0.0,"pzInsKey":"PEGAAES-DATA-CDHSNAPSHOT-BIZPERF-IMPACTANALYZER-DAILY LMMS-CLOUDPROD!19700101T000000.000 GMT!LMMS!IMPACT ANALYZER!NBAHEALTH_PROPENSITYPRIORITY!ALL CHANNELS!YESTERDAY","Accepts_NBA":1845,"pxObjClass":"PegaAES-Data-CDHSnapshot-BizPerf-ImpactAnalyzer-Daily","Guidance":"Reduce business weights/levers and action values to let NBA optimize your overall customer engagement.","Impressions_Control":114,"Impressions_NBA":14864,"Type":"Impact Analyzer","ChannelName":"All channels","ActionValuePerImp_Control":0.0,"ValueLift":0E-9,"EngagementLift":-0.056646932,"ValueLiftInterval":0.0,"ExperimentColor":"Yellow"},{"Heading":"Well done. Next-Best-Action is delivering value and engagement lift.","EngagementLiftInterval":1.31,"IsActive":true,"Accepts_Control":8,"ConfidenceLevel":"","SnapshotTime":"1970-01-01T00:00:00.000Z","ExperimentName":"NBAHealth_NBAPrioritization","AcceptRate_Control":0.0,"RunType":"Impact Analyzer","ApplicationStack":"LMMS","AcceptRate_NBA":0.0,"KeyIdentifier":"NBAHealth_NBAPrioritization!Email!Yesterday","IsSignificant":false,"LastDataReceived":"Yesterday","ExperimentLabel":"How is Next-Best-Action performing against a random relevant action?","AggregationFrequency":"Daily","ActionValuePerImp_NBA":0.0,"pzInsKey":"PEGAAES-DATA-CDHSNAPSHOT-BIZPERF-IMPACTANALYZER-DAILY LMMS-CLOUDPROD!19700101T000000.000 GMT!LMMS!IMPACT ANALYZER!NBAHEALTH_NBAPRIORITIZATION!EMAIL!YESTERDAY","Accepts_NBA":1845,"pxObjClass":"PegaAES-Data-CDHSnapshot-BizPerf-ImpactAnalyzer-Daily","Guidance":"Nothing specific to do right now. Continue to monitor.","Impressions_NBA":10364,"Impressions_Control":89,"Type":"Impact Analyzer","ChannelName":"Email","ValueLift":0E-9,"ActionValuePerImp_Control":0.0,"EngagementLift":0.980473274,"ExperimentColor":"Green","ValueLiftInterval":0.0},{"Heading":"Lift analysis not available for the selected timeframe and context","EngagementLiftInterval":0.0,"IsActive":false,"Accepts_Control":0,"ConfidenceLevel":"","SnapshotTime":"1970-01-01T00:00:00.000Z","ExperimentName":"NBAHealth_EngagementPolicy","AcceptRate_Control":0.0,"RunType":"Impact Analyzer","ApplicationStack":"LMMS","AcceptRate_NBA":0.0,"KeyIdentifier":"NBAHealth_EngagementPolicy!All channels!Yesterday","LastDataReceived":"Yesterday","IsSignificant":false,"ExperimentLabel":"How is Next-Best-Action performing against applying only eligibility criteria?","AggregationFrequency":"Daily","pzInsKey":"PEGAAES-DATA-CDHSNAPSHOT-BIZPERF-IMPACTANALYZER-DAILY LMMS-CLOUDPROD!19700101T000000.000 GMT!LMMS!IMPACT ANALYZER!NBAHEALTH_ENGAGEMENTPOLICY!ALL CHANNELS!YESTERDAY","ActionValuePerImp_NBA":0.0,"Accepts_NBA":1845,"Guidance":"Unable to calculate value and engagement lift because the test and or/control group does not have any clicks or accepts","pxObjClass":"PegaAES-Data-CDHSnapshot-BizPerf-ImpactAnalyzer-Daily","Impressions_NBA":14864,"Impressions_Control":0,"Type":"Impact Analyzer","ChannelName":"All channels","ActionValuePerImp_Control":0.0,"ValueLift":0E-9,"EngagementLift":0E-9,"ExperimentColor":"Gray","ValueLiftInterval":0.0},{"Heading":"Lift analysis not available for the selected timeframe and context","IsActive":true,"EngagementLiftInterval":0.0,"Accepts_Control":0,"ConfidenceLevel":"","SnapshotTime":"1970-01-01T00:00:00.000Z","ExperimentName":"NBAHealth_NBAPrioritization","AcceptRate_Control":0.0,"RunType":"Impact Analyzer","ApplicationStack":"LMMS","AcceptRate_NBA":0.0,"KeyIdentifier":"NBAHealth_NBAPrioritization!Web!Yesterday","LastDataReceived":"Yesterday","IsSignificant":false,"ExperimentLabel":"How is Next-Best-Action performing against a random relevant action?","AggregationFrequency":"Daily","pzInsKey":"PEGAAES-DATA-CDHSNAPSHOT-BIZPERF-IMPACTANALYZER-DAILY LMMS-CLOUDPROD!19700101T000000.000 GMT!LMMS!IMPACT ANALYZER!NBAHEALTH_NBAPRIORITIZATION!WEB!YESTERDAY","ActionValuePerImp_NBA":0.0,"Accepts_NBA":0,"Guidance":"Unable to calculate value and engagement lift because the test and or/control group does not have any clicks or accepts","pxObjClass":"PegaAES-Data-CDHSnapshot-BizPerf-ImpactAnalyzer-Daily","Impressions_Control":40,"Impressions_NBA":4500,"Type":"Impact Analyzer","ChannelName":"Web","ValueLift":0E-9,"ActionValuePerImp_Control":0.0,"EngagementLift":0E-9,"ValueLiftInterval":0.0,"ExperimentColor":"Gray"},{"Heading":"Lift analysis not available for the selected timeframe and context","IsActive":true,"EngagementLiftInterval":0.0,"Accepts_Control":0,"ConfidenceLevel":"","SnapshotTime":"1970-01-01T00:00:00.000Z","ExperimentName":"NBAHealth_PropensityPriority","AcceptRate_Control":0.0,"RunType":"Impact Analyzer","ApplicationStack":"LMMS","AcceptRate_NBA":0.0,"KeyIdentifier":"NBAHealth_PropensityPriority!Web!Yesterday","IsSignificant":false,"LastDataReceived":"Yesterday","ExperimentLabel":"How is Next-Best-Action performing against arbitrating by propensity-only?","AggregationFrequency":"Daily","ActionValuePerImp_NBA":0.0,"pzInsKey":"PEGAAES-DATA-CDHSNAPSHOT-BIZPERF-IMPACTANALYZER-DAILY LMMS-CLOUDPROD!19700101T000000.000 GMT!LMMS!IMPACT ANALYZER!NBAHEALTH_PROPENSITYPRIORITY!WEB!YESTERDAY","Accepts_NBA":0,"pxObjClass":"PegaAES-Data-CDHSnapshot-BizPerf-ImpactAnalyzer-Daily","Guidance":"Unable to calculate value and engagement lift because the test and or/control group does not have any clicks or accepts","Impressions_Control":24,"Impressions_NBA":4500,"Type":"Impact Analyzer","ChannelName":"Web","ActionValuePerImp_Control":0.0,"ValueLift":0E-9,"EngagementLift":0E-9,"ValueLiftInterval":0.0,"ExperimentColor":"Gray"},{"Heading":"Your models might not be performing as expected.","EngagementLiftInterval":0.5,"Accepts_Control":15,"IsActive":true,"ConfidenceLevel":"","SnapshotTime":"1970-01-01T00:00:00.000Z","ExperimentName":"NBAHealth_PropensityPriority","AcceptRate_Control":0.0,"RunType":"Impact Analyzer","ApplicationStack":"LMMS","AcceptRate_NBA":0.0,"KeyIdentifier":"NBAHealth_PropensityPriority!Email!Yesterday","LastDataReceived":"Yesterday","IsSignificant":false,"ExperimentLabel":"How is Next-Best-Action performing against arbitrating by propensity-only?","AggregationFrequency":"Daily","pzInsKey":"PEGAAES-DATA-CDHSNAPSHOT-BIZPERF-IMPACTANALYZER-DAILY LMMS-CLOUDPROD!19700101T000000.000 GMT!LMMS!IMPACT ANALYZER!NBAHEALTH_PROPENSITYPRIORITY!EMAIL!YESTERDAY","ActionValuePerImp_NBA":0.0,"Accepts_NBA":1845,"Guidance":"Check “Performance of AI” test and review models in prediction studio.","pxObjClass":"PegaAES-Data-CDHSnapshot-BizPerf-ImpactAnalyzer-Daily","Impressions_NBA":10364,"Impressions_Control":90,"Type":"Impact Analyzer","ChannelName":"Email","ValueLift":0E-9,"ActionValuePerImp_Control":0.0,"EngagementLift":0.068120417,"ExperimentColor":"Red","ValueLiftInterval":0.0},{"Heading":"Lift analysis not available for the selected timeframe and context","EngagementLiftInterval":0.0,"Accepts_Control":0,"IsActive":false,"ConfidenceLevel":"","SnapshotTime":"1970-01-01T00:00:00.000Z","ExperimentName":"NBAHealth_EngagementPolicy","AcceptRate_Control":0.0,"RunType":"Impact Analyzer","ApplicationStack":"LMMS","AcceptRate_NBA":0.0,"KeyIdentifier":"NBAHealth_EngagementPolicy!Web!Yesterday","LastDataReceived":"Yesterday","IsSignificant":false,"ExperimentLabel":"How is Next-Best-Action performing against applying only eligibility criteria?","AggregationFrequency":"Daily","pzInsKey":"PEGAAES-DATA-CDHSNAPSHOT-BIZPERF-IMPACTANALYZER-DAILY LMMS-CLOUDPROD!19700101T000000.000 GMT!LMMS!IMPACT ANALYZER!NBAHEALTH_ENGAGEMENTPOLICY!WEB!YESTERDAY","ActionValuePerImp_NBA":0.0,"Accepts_NBA":0,"pxObjClass":"PegaAES-Data-CDHSnapshot-BizPerf-ImpactAnalyzer-Daily","Guidance":"Unable to calculate value and engagement lift because the test and or/control group does not have any clicks or accepts","Impressions_Control":0,"Impressions_NBA":4500,"Type":"Impact Analyzer","ChannelName":"Web","ActionValuePerImp_Control":0.0,"ValueLift":0E-9,"EngagementLift":0E-9,"ExperimentColor":"Gray","ValueLiftInterval":0.0},{"Heading":"Lift analysis not available for the selected timeframe and context","Accepts_Control":0,"IsActive":true,"EngagementLiftInterval":0.0,"ConfidenceLevel":"","SnapshotTime":"1970-01-01T00:00:00.000Z","ExperimentName":"NBAHealth_ModelControl","AcceptRate_Control":0.0,"RunType":"Impact Analyzer","ApplicationStack":"LMMS","AcceptRate_NBA":0.0,"KeyIdentifier":"NBAHealth_ModelControl!Web!Yesterday","LastDataReceived":"Yesterday","IsSignificant":false,"ExperimentLabel":"How is adaptive model propensity performing against a random propensity?","AggregationFrequency":"Daily","pzInsKey":"PEGAAES-DATA-CDHSNAPSHOT-BIZPERF-IMPACTANALYZER-DAILY LMMS-CLOUDPROD!19700101T000000.000 GMT!LMMS!IMPACT ANALYZER!NBAHEALTH_MODELCONTROL!WEB!YESTERDAY","ActionValuePerImp_NBA":0.0,"Accepts_NBA":0,"Guidance":"Unable to calculate value and engagement lift because the test and or/control group does not have any clicks or accepts","pxObjClass":"PegaAES-Data-CDHSnapshot-BizPerf-ImpactAnalyzer-Daily","Impressions_NBA":31,"Impressions_Control":10,"Type":"Impact Analyzer","ChannelName":"Web","ActionValuePerImp_Control":0.0,"ValueLift":0E-9,"EngagementLift":0E-9,"ValueLiftInterval":0.0,"ExperimentColor":"Gray"}]}]}