"PredictorName","Contents","ZRatio","ModelID","BinType","BinSymbol","BinNegatives","Type","Performance","ResponseCount","BinIndex","Lift","SnapshotTime","TotalBins","Negatives","Positives","EntryType","BinPositives","BinResponseCount","BinLowerBound","BinUpperBound","PredictorCategory","Propensity","AUC","GroupIndex"
"INCOME","Range : [-37533.00, 486755.00]",0.463168,"b4e32dca-f9e2-5070-bfb0-7280fac39509","EQUIBEHAVIOR","[-37533.0, 3099.3199999999997>",12,"numeric",0.674904,262,1,1.13913,2018-03-16 13:49:39.916,8,170,92,"Active",8,20,-37533,3099.32,"TopLevel",0.4,67.4904,30
"INCOME","Range : [-37533.00, 486755.00]",-2.843386,"b4e32dca-f9e2-5070-bfb0-7280fac39509","EQUIBEHAVIOR","[3099.3199999999997, 5720.760000000002>",13,"numeric",0.674904,262,2,0.203416,2018-03-16 13:49:39.916,8,170,92,"Active",1,14,3099.32,5720.76,"TopLevel",0.0714285714285714,67.4904,30
"INCOME","Range : [-37533.00, 486755.00]",-0.677983,"b4e32dca-f9e2-5070-bfb0-7280fac39509","EQUIBEHAVIOR","[5720.760000000002, 18172.6>",51,"numeric",0.674904,262,3,0.911304,2018-03-16 13:49:39.916,8,170,92,"Active",24,75,5720.76,18172.6,"TopLevel",0.32,67.4904,30
"INCOME","Range : [-37533.00, 486755.00]",2.819548,"b4e32dca-f9e2-5070-bfb0-7280fac39509","EQUIBEHAVIOR","[18172.6, 29313.72>",14,"numeric",0.674904,262,4,1.675192,2018-03-16 13:49:39.916,8,170,92,"Active",20,34,18172.6,29313.72,"TopLevel",0.588235294117647,67.4904,30
"INCOME","Range : [-37533.00, 486755.00]",-0.231638,"b4e32dca-f9e2-5070-bfb0-7280fac39509","EQUIBEHAVIOR","[29313.72, 39799.479999999996>",22,"numeric",0.674904,262,5,0.949275,2018-03-16 13:49:39.916,8,170,92,"Active",11,33,29313.72,39799.48,"TopLevel",0.333333333333333,67.4904,30
"INCOME","Range : [-37533.00, 486755.00]",-2.673937,"b4e32dca-f9e2-5070-bfb0-7280fac39509","EQUIBEHAVIOR","[39799.479999999996, 48974.520000000004>",16,"numeric",0.674904,262,6,0.316425,2018-03-16 13:49:39.916,8,170,92,"Active",2,18,39799.48,48974.52,"TopLevel",0.111111111111111,67.4904,30
"INCOME","Range : [-37533.00, 486755.00]",2.191501,"b4e32dca-f9e2-5070-bfb0-7280fac39509","EQUIBEHAVIOR","[48974.520000000004, 104024.76000000001>",13,"numeric",0.674904,262,7,1.571214,2018-03-16 13:49:39.916,8,170,92,"Active",16,29,48974.52,104024.76,"TopLevel",0.551724137931034,67.4904,30
"INCOME","Range : [-37533.00, 486755.00]",-1.425425,"b4e32dca-f9e2-5070-bfb0-7280fac39509","EQUIBEHAVIOR","[104024.76000000001, 486755.0]",29,"numeric",0.674904,262,8,0.730212,2018-03-16 13:49:39.916,8,170,92,"Active",10,39,104024.76,486755,"TopLevel",0.256410256410256,67.4904,30
"GEOFIELD14","Range : [16750.50, 17006.50]",0.189091,"b4e32dca-f9e2-5070-bfb0-7280fac39509","EQUIBEHAVIOR","[16750.503310185184, 16816.103310185183>",28,"numeric",0.665473,262,1,1.035573,2018-03-16 13:49:39.916,10,170,92,"Active",16,44,16750.5033101852,16816.1033101852,"TopLevel",0.363636363636364,66.5473,19
"GEOFIELD14","Range : [16750.50, 17006.50]",-1.406843,"b4e32dca-f9e2-5070-bfb0-7280fac39509","EQUIBEHAVIOR","[16816.103310185183, 16818.983310185184>",12,"numeric",0.665473,262,2,0.569565,2018-03-16 13:49:39.916,10,170,92,"Active",3,15,16816.1033101852,16818.9833101852,"TopLevel",0.2,66.5473,19
"GEOFIELD14","Range : [16750.50, 17006.50]",1.584321,"b4e32dca-f9e2-5070-bfb0-7280fac39509","EQUIBEHAVIOR","[16818.983310185184, 16825.703310185185>",10,"numeric",0.665473,262,3,1.491718,2018-03-16 13:49:39.916,10,170,92,"Active",11,21,16818.9833101852,16825.7033101852,"TopLevel",0.523809523809524,66.5473,19
"GEOFIELD14","Range : [16750.50, 17006.50]",-1.406843,"b4e32dca-f9e2-5070-bfb0-7280fac39509","EQUIBEHAVIOR","[16825.703310185185, 16829.543310185185>",12,"numeric",0.665473,262,4,0.569565,2018-03-16 13:49:39.916,10,170,92,"Active",3,15,16825.7033101852,16829.5433101852,"TopLevel",0.2,66.5473,19
"GEOFIELD14","Range : [16750.50, 17006.50]",1.836326,"b4e32dca-f9e2-5070-bfb0-7280fac39509","EQUIBEHAVIOR","[16829.543310185185, 16834.343310185184>",6,"numeric",0.665473,262,5,1.708696,2018-03-16 13:49:39.916,10,170,92,"Active",9,15,16829.5433101852,16834.3433101852,"TopLevel",0.6,66.5473,19
"GEOFIELD14","Range : [16750.50, 17006.50]",-2.147874,"b4e32dca-f9e2-5070-bfb0-7280fac39509","EQUIBEHAVIOR","[16834.343310185184, 16842.983310185184>",22,"numeric",0.665473,262,6,0.527375,2018-03-16 13:49:39.916,10,170,92,"Active",5,27,16834.3433101852,16842.9833101852,"TopLevel",0.185185185185185,66.5473,19
"GEOFIELD14","Range : [16750.50, 17006.50]",0.913231,"b4e32dca-f9e2-5070-bfb0-7280fac39509","EQUIBEHAVIOR","[16842.983310185184, 16847.783310185183>",11,"numeric",0.665473,262,7,1.281522,2018-03-16 13:49:39.916,10,170,92,"Active",9,20,16842.9833101852,16847.7833101852,"TopLevel",0.45,66.5473,19
"GEOFIELD14","Range : [16750.50, 17006.50]",-1.592807,"b4e32dca-f9e2-5070-bfb0-7280fac39509","EQUIBEHAVIOR","[16847.783310185183, 16852.583310185186>",13,"numeric",0.665473,262,8,0.533967,2018-03-16 13:49:39.916,10,170,92,"Active",3,16,16847.7833101852,16852.5833101852,"TopLevel",0.1875,66.5473,19
"GEOFIELD14","Range : [16750.50, 17006.50]",1.834206,"b4e32dca-f9e2-5070-bfb0-7280fac39509","EQUIBEHAVIOR","[16852.583310185186, 16871.463310185183>",26,"numeric",0.665473,262,9,1.336735,2018-03-16 13:49:39.916,10,170,92,"Active",23,49,16852.5833101852,16871.4633101852,"TopLevel",0.469387755102041,66.5473,19
"GEOFIELD14","Range : [16750.50, 17006.50]",-1.55163,"b4e32dca-f9e2-5070-bfb0-7280fac39509","EQUIBEHAVIOR","[16871.463310185183, 17006.503310185184]",30,"numeric",0.665473,262,10,0.711957,2018-03-16 13:49:39.916,10,170,92,"Active",10,40,16871.4633101852,17006.5033101852,"TopLevel",0.25,66.5473,19
"PERSONALFIELD14","Range : [16685.26, 16941.26]",0.463168,"b4e32dca-f9e2-5070-bfb0-7280fac39509","EQUIBEHAVIOR","[16685.25597222222, 16807.495972222223>",12,"numeric",0.654348,262,1,1.13913,2018-03-16 13:49:39.916,6,170,92,"Active",8,20,16685.2559722222,16807.4959722222,"TopLevel",0.4,65.4348,37
"PERSONALFIELD14","Range : [16685.26, 16941.26]",-2.905759,"b4e32dca-f9e2-5070-bfb0-7280fac39509","EQUIBEHAVIOR","[16807.495972222223, 16817.73597222222>",36,"numeric",0.654348,262,2,0.517787,2018-03-16 13:49:39.916,6,170,92,"Active",8,44,16807.4959722222,16817.7359722222,"TopLevel",0.181818181818182,65.4348,37
"PERSONALFIELD14","Range : [16685.26, 16941.26]",3.048521,"b4e32dca-f9e2-5070-bfb0-7280fac39509","EQUIBEHAVIOR","[16817.73597222222, 16840.135972222222>",34,"numeric",0.654348,262,3,1.444549,2018-03-16 13:49:39.916,6,170,92,"Active",35,69,16817.7359722222,16840.1359722222,"TopLevel",0.507246376811594,65.4348,37
"PERSONALFIELD14","Range : [16685.26, 16941.26]",0.75359,"b4e32dca-f9e2-5070-bfb0-7280fac39509","EQUIBEHAVIOR","[16840.135972222222, 16861.25597222222>",46,"numeric",0.654348,262,4,1.101159,2018-03-16 13:49:39.916,6,170,92,"Active",29,75,16840.1359722222,16861.2559722222,"TopLevel",0.386666666666667,65.4348,37
"PERSONALFIELD14","Range : [16685.26, 16941.26]",-1.297892,"b4e32dca-f9e2-5070-bfb0-7280fac39509","EQUIBEHAVIOR","[16861.25597222222, 16876.615972222222>",28,"numeric",0.654348,262,5,0.749428,2018-03-16 13:49:39.916,6,170,92,"Active",10,38,16861.2559722222,16876.6159722222,"TopLevel",0.263157894736842,65.4348,37
"PERSONALFIELD14","Range : [16685.26, 16941.26]",-2.33183,"b4e32dca-f9e2-5070-bfb0-7280fac39509","EQUIBEHAVIOR","[16876.615972222222, 16941.25597222222]",14,"numeric",0.654348,262,6,0.355978,2018-03-16 13:49:39.916,6,170,92,"Active",2,16,16876.6159722222,16941.2559722222,"TopLevel",0.125,65.4348,37
"GEOFIELD15","Range : [1958.00, 2022.00]",-1.007534,"b4e32dca-f9e2-5070-bfb0-7280fac39509","EQUIBEHAVIOR","[1958.0, 1977.04>",30,"numeric",0.650224,262,1,0.813665,2018-03-16 13:49:39.916,9,170,92,"Active",12,42,1958,1977.04,"TopLevel",0.285714285714286,65.0224,20
"GEOFIELD15","Range : [1958.00, 2022.00]",1.383322,"b4e32dca-f9e2-5070-bfb0-7280fac39509","EQUIBEHAVIOR","[1977.04, 1979.04>",7,"numeric",0.650224,262,2,1.518841,2018-03-16 13:49:39.916,9,170,92,"Active",8,15,1977.04,1979.04,"TopLevel",0.533333333333333,65.0224,20
"GEOFIELD15","Range : [1958.00, 2022.00]",-1.147668,"b4e32dca-f9e2-5070-bfb0-7280fac39509","EQUIBEHAVIOR","[1979.04, 1985.04>",29,"numeric",0.650224,262,3,0.783152,2018-03-16 13:49:39.916,9,170,92,"Active",11,40,1979.04,1985.04,"TopLevel",0.275,65.0224,20
"GEOFIELD15","Range : [1958.00, 2022.00]",0.999621,"b4e32dca-f9e2-5070-bfb0-7280fac39509","EQUIBEHAVIOR","[1985.04, 1988.08>",9,"numeric",0.650224,262,4,1.340153,2018-03-16 13:49:39.916,9,170,92,"Active",8,17,1985.04,1988.08,"TopLevel",0.470588235294118,65.0224,20
"GEOFIELD15","Range : [1958.00, 2022.00]",-3.01696,"b4e32dca-f9e2-5070-bfb0-7280fac39509","EQUIBEHAVIOR","[1988.08, 1991.04>",14,"numeric",0.650224,262,5,0.189855,2018-03-16 13:49:39.916,9,170,92,"Active",1,15,1988.08,1991.04,"TopLevel",0.0666666666666667,65.0224,20
"GEOFIELD15","Range : [1958.00, 2022.00]",-0.884201,"b4e32dca-f9e2-5070-bfb0-7280fac39509","EQUIBEHAVIOR","[1991.04, 1995.04>",14,"numeric",0.650224,262,6,0.749428,2018-03-16 13:49:39.916,9,170,92,"Active",5,19,1991.04,1995.04,"TopLevel",0.263157894736842,65.0224,20
"GEOFIELD15","Range : [1958.00, 2022.00]",1.619076,"b4e32dca-f9e2-5070-bfb0-7280fac39509","EQUIBEHAVIOR","[1995.04, 2001.04>",20,"numeric",0.650224,262,7,1.34897,2018-03-16 13:49:39.916,9,170,92,"Active",18,38,1995.04,2001.04,"TopLevel",0.473684210526316,65.0224,20
"GEOFIELD15","Range : [1958.00, 2022.00]",-1.502169,"b4e32dca-f9e2-5070-bfb0-7280fac39509","EQUIBEHAVIOR","[2001.04, 2007.04>",25,"numeric",0.650224,262,8,0.690382,2018-03-16 13:49:39.916,9,170,92,"Active",8,33,2001.04,2007.04,"TopLevel",0.242424242424242,65.0224,20
"GEOFIELD15","Range : [1958.00, 2022.00]",1.947037,"b4e32dca-f9e2-5070-bfb0-7280fac39509","EQUIBEHAVIOR","[2007.04, 2022.0]",22,"numeric",0.650224,262,9,1.390799,2018-03-16 13:49:39.916,9,170,92,"Active",21,43,2007.04,2022,"TopLevel",0.488372093023256,65.0224,20
"PERSONALFIELD2","Range : [-15.00, 17.00]",1.383322,"b4e32dca-f9e2-5070-bfb0-7280fac39509","EQUIBEHAVIOR","[-15.0, 0.03999999999999915>",7,"numeric",0.643798,262,1,1.518841,2018-03-16 13:49:39.916,10,170,92,"Active",8,15,-15,0.0399999999999991,"TopLevel",0.533333333333333,64.3798,39
"PERSONALFIELD2","Range : [-15.00, 17.00]",0.412971,"b4e32dca-f9e2-5070-bfb0-7280fac39509","EQUIBEHAVIOR","[0.03999999999999915, 1.0399999999999991>",14,"numeric",0.643798,262,2,1.114367,2018-03-16 13:49:39.916,10,170,92,"Active",9,23,0.0399999999999991,1.04,"TopLevel",0.391304347826087,64.3798,39
"PERSONALFIELD2","Range : [-15.00, 17.00]",1.451622,"b4e32dca-f9e2-5070-bfb0-7280fac39509","EQUIBEHAVIOR","[1.0399999999999991, 2.039999999999999>",8,"numeric",0.643798,262,3,1.507673,2018-03-16 13:49:39.916,10,170,92,"Active",9,17,1.04,2.04,"TopLevel",0.529411764705882,64.3798,39
"PERSONALFIELD2","Range : [-15.00, 17.00]",-1.639881,"b4e32dca-f9e2-5070-bfb0-7280fac39509","EQUIBEHAVIOR","[2.039999999999999, 3.039999999999999>",16,"numeric",0.643798,262,4,0.569565,2018-03-16 13:49:39.916,10,170,92,"Active",4,20,2.04,3.04,"TopLevel",0.2,64.3798,39
"PERSONALFIELD2","Range : [-15.00, 17.00]",0.097027,"b4e32dca-f9e2-5070-bfb0-7280fac39509","EQUIBEHAVIOR","[3.039999999999999, 4.039999999999999>",16,"numeric",0.643798,262,5,1.025217,2018-03-16 13:49:39.916,10,170,92,"Active",9,25,3.04,4.04,"TopLevel",0.36,64.3798,39
"PERSONALFIELD2","Range : [-15.00, 17.00]",-2.275216,"b4e32dca-f9e2-5070-bfb0-7280fac39509","EQUIBEHAVIOR","[4.039999999999999, 5.039999999999999>",20,"numeric",0.643798,262,6,0.474638,2018-03-16 13:49:39.916,10,170,92,"Active",4,24,4.04,5.04,"TopLevel",0.166666666666667,64.3798,39
"PERSONALFIELD2","Range : [-15.00, 17.00]",0.779008,"b4e32dca-f9e2-5070-bfb0-7280fac39509","EQUIBEHAVIOR","[5.039999999999999, 6.039999999999999>",15,"numeric",0.643798,262,7,1.204849,2018-03-16 13:49:39.916,10,170,92,"Active",11,26,5.04,6.04,"TopLevel",0.423076923076923,64.3798,39
"PERSONALFIELD2","Range : [-15.00, 17.00]",-1.804183,"b4e32dca-f9e2-5070-bfb0-7280fac39509","EQUIBEHAVIOR","[6.039999999999999, 7.039999999999999>",17,"numeric",0.643798,262,8,0.542443,2018-03-16 13:49:39.916,10,170,92,"Active",4,21,6.04,7.04,"TopLevel",0.19047619047619,64.3798,39
"PERSONALFIELD2","Range : [-15.00, 17.00]",1.400629,"b4e32dca-f9e2-5070-bfb0-7280fac39509","EQUIBEHAVIOR","[7.039999999999999, 9.04>",33,"numeric",0.643798,262,9,1.227511,2018-03-16 13:49:39.916,10,170,92,"Active",25,58,7.04,9.04,"TopLevel",0.431034482758621,64.3798,39
"PERSONALFIELD2","Range : [-15.00, 17.00]",-1.060005,"b4e32dca-f9e2-5070-bfb0-7280fac39509","EQUIBEHAVIOR","[9.04, 17.0]",24,"numeric",0.643798,262,10,0.77668,2018-03-16 13:49:39.916,10,170,92,"Active",9,33,9.04,17,"TopLevel",0.272727272727273,64.3798,39
"PERSONALFIELD15","Range : [1962.00, 2026.00]",-1.831299,"b4e32dca-f9e2-5070-bfb0-7280fac39509","EQUIBEHAVIOR","[1962.0, 1975.04>",25,"numeric",0.637244,262,1,0.622962,2018-03-16 13:49:39.916,8,170,92,"Active",7,32,1962,1975.04,"TopLevel",0.21875,63.7244,38
"PERSONALFIELD15","Range : [1962.00, 2026.00]",1.451622,"b4e32dca-f9e2-5070-bfb0-7280fac39509","EQUIBEHAVIOR","[1975.04, 1978.08>",8,"numeric",0.637244,262,2,1.507673,2018-03-16 13:49:39.916,8,170,92,"Active",9,17,1975.04,1978.08,"TopLevel",0.529411764705882,63.7244,38
"PERSONALFIELD15","Range : [1962.00, 2026.00]",-1.474622,"b4e32dca-f9e2-5070-bfb0-7280fac39509","EQUIBEHAVIOR","[1978.08, 1993.04>",67,"numeric",0.637244,262,3,0.839359,2018-03-16 13:49:39.916,8,170,92,"Active",28,95,1978.08,1993.04,"TopLevel",0.294736842105263,63.7244,38
"PERSONALFIELD15","Range : [1962.00, 2026.00]",1.932287,"b4e32dca-f9e2-5070-bfb0-7280fac39509","EQUIBEHAVIOR","[1993.04, 1998.08>",8,"numeric",0.637244,262,4,1.648741,2018-03-16 13:49:39.916,8,170,92,"Active",11,19,1993.04,1998.08,"TopLevel",0.578947368421053,63.7244,38
"PERSONALFIELD15","Range : [1962.00, 2026.00]",-0.506826,"b4e32dca-f9e2-5070-bfb0-7280fac39509","EQUIBEHAVIOR","[1998.08, 2002.08>",16,"numeric",0.637244,262,5,0.86673,2018-03-16 13:49:39.916,8,170,92,"Active",7,23,1998.08,2002.08,"TopLevel",0.304347826086957,63.7244,38
"PERSONALFIELD15","Range : [1962.00, 2026.00]",1.330542,"b4e32dca-f9e2-5070-bfb0-7280fac39509","EQUIBEHAVIOR","[2002.08, 2009.04>",16,"numeric",0.637244,262,6,1.328986,2018-03-16 13:49:39.916,8,170,92,"Active",14,30,2002.08,2009.04,"TopLevel",0.466666666666667,63.7244,38
"PERSONALFIELD15","Range : [1962.00, 2026.00]",-1.592807,"b4e32dca-f9e2-5070-bfb0-7280fac39509","EQUIBEHAVIOR","[2009.04, 2011.04>",13,"numeric",0.637244,262,7,0.533967,2018-03-16 13:49:39.916,8,170,92,"Active",3,16,2009.04,2011.04,"TopLevel",0.1875,63.7244,38
"PERSONALFIELD15","Range : [1962.00, 2026.00]",0.960749,"b4e32dca-f9e2-5070-bfb0-7280fac39509","EQUIBEHAVIOR","[2011.04, 2026.0]",17,"numeric",0.637244,262,8,1.234058,2018-03-16 13:49:39.916,8,170,92,"Active",13,30,2011.04,2026,"TopLevel",0.433333333333333,63.7244,38
"AGE","Range : [10.00, 74.00]",-1.328416,"b4e32dca-f9e2-5070-bfb0-7280fac39509","EQUIBEHAVIOR","[10.0, 23.04>",26,"numeric",0.630083,262,1,0.732298,2018-03-16 13:49:39.916,7,170,92,"Active",9,35,10,23.04,"TopLevel",0.257142857142857,63.0083,2
"AGE","Range : [10.00, 74.00]",2.191501,"b4e32dca-f9e2-5070-bfb0-7280fac39509","EQUIBEHAVIOR","[23.04, 26.08>",13,"numeric",0.630083,262,2,1.571214,2018-03-16 13:49:39.916,7,170,92,"Active",16,29,23.04,26.08,"TopLevel",0.551724137931034,63.0083,2
"AGE","Range : [10.00, 74.00]",-1.89899,"b4e32dca-f9e2-5070-bfb0-7280fac39509","EQUIBEHAVIOR","[26.08, 32.08>",42,"numeric",0.630083,262,3,0.711957,2018-03-16 13:49:39.916,7,170,92,"Active",14,56,26.08,32.08,"TopLevel",0.25,63.0083,2
"AGE","Range : [10.00, 74.00]",1.18858,"b4e32dca-f9e2-5070-bfb0-7280fac39509","EQUIBEHAVIOR","[32.08, 33.04>",8,"numeric",0.630083,262,4,1.423913,2018-03-16 13:49:39.916,7,170,92,"Active",8,16,32.08,33.04,"TopLevel",0.5,63.0083,2
"AGE","Range : [10.00, 74.00]",0.134156,"b4e32dca-f9e2-5070-bfb0-7280fac39509","EQUIBEHAVIOR","[33.04, 36.08>",23,"numeric",0.630083,262,5,1.028382,2018-03-16 13:49:39.916,7,170,92,"Active",13,36,33.04,36.08,"TopLevel",0.361111111111111,63.0083,2
"AGE","Range : [10.00, 74.00]",-1.639881,"b4e32dca-f9e2-5070-bfb0-7280fac39509","EQUIBEHAVIOR","[36.08, 38.08>",16,"numeric",0.630083,262,6,0.569565,2018-03-16 13:49:39.916,7,170,92,"Active",4,20,36.08,38.08,"TopLevel",0.2,63.0083,2
"AGE","Range : [10.00, 74.00]",0.983142,"b4e32dca-f9e2-5070-bfb0-7280fac39509","EQUIBEHAVIOR","[38.08, 74.0]",42,"numeric",0.630083,262,7,1.13913,2018-03-16 13:49:39.916,7,170,92,"Active",28,70,38.08,74,"TopLevel",0.4,63.0083,2
"DOB","Range : [-7384.04, 25383.96]",1.184755,"b4e32dca-f9e2-5070-bfb0-7280fac39509","EQUIBEHAVIOR","[-7384.041666666666, 1668.1183333333338>",25,"numeric",0.626726,262,1,1.229743,2018-03-16 13:49:39.916,6,170,92,"Active",19,44,-7384.04166666667,1668.11833333333,"TopLevel",0.431818181818182,62.6726,10
"DOB","Range : [-7384.04, 25383.96]",-1.074002,"b4e32dca-f9e2-5070-bfb0-7280fac39509","EQUIBEHAVIOR","[1668.1183333333338, 4084.758333333333>",47,"numeric",0.626726,262,2,0.850097,2018-03-16 13:49:39.916,6,170,92,"Active",20,67,1668.11833333333,4084.75833333333,"TopLevel",0.298507462686567,62.6726,10
"DOB","Range : [-7384.04, 25383.96]",1.265521,"b4e32dca-f9e2-5070-bfb0-7280fac39509","EQUIBEHAVIOR","[4084.758333333333, 4944.918333333333>",18,"numeric",0.626726,262,3,1.294466,2018-03-16 13:49:39.916,6,170,92,"Active",15,33,4084.75833333333,4944.91833333333,"TopLevel",0.454545454545455,62.6726,10
"DOB","Range : [-7384.04, 25383.96]",-2.040581,"b4e32dca-f9e2-5070-bfb0-7280fac39509","EQUIBEHAVIOR","[4944.918333333333, 7033.878333333334>",41,"numeric",0.626726,262,4,0.685588,2018-03-16 13:49:39.916,6,170,92,"Active",13,54,4944.91833333333,7033.87833333333,"TopLevel",0.240740740740741,62.6726,10
"DOB","Range : [-7384.04, 25383.96]",2.191501,"b4e32dca-f9e2-5070-bfb0-7280fac39509","EQUIBEHAVIOR","[7033.878333333334, 8098.838333333333>",13,"numeric",0.626726,262,5,1.571214,2018-03-16 13:49:39.916,6,170,92,"Active",16,29,7033.87833333333,8098.83833333333,"TopLevel",0.551724137931034,62.6726,10
"DOB","Range : [-7384.04, 25383.96]",-1.328416,"b4e32dca-f9e2-5070-bfb0-7280fac39509","EQUIBEHAVIOR","[8098.838333333333, 25383.958333333336]",26,"numeric",0.626726,262,6,0.732298,2018-03-16 13:49:39.916,6,170,92,"Active",9,35,8098.83833333333,25383.9583333333,"TopLevel",0.257142857142857,62.6726,10
"GEOFIELD1","Range : [0.00, 16.00]",0.868848,"b4e32dca-f9e2-5070-bfb0-7280fac39509","EQUIBEHAVIOR","[0.0, 1.02>",31,"numeric",0.619725,262,1,1.150084,2018-03-16 13:49:39.916,9,170,92,"Active",21,52,0,1.02,"TopLevel",0.403846153846154,61.9725,14
"GEOFIELD1","Range : [0.00, 16.00]",1.088043,"b4e32dca-f9e2-5070-bfb0-7280fac39509","EQUIBEHAVIOR","[1.02, 2.02>",10,"numeric",0.619725,262,2,1.34897,2018-03-16 13:49:39.916,9,170,92,"Active",9,19,1.02,2.02,"TopLevel",0.473684210526316,61.9725,14
"GEOFIELD1","Range : [0.00, 16.00]",-1.060005,"b4e32dca-f9e2-5070-bfb0-7280fac39509","EQUIBEHAVIOR","[2.02, 3.02>",24,"numeric",0.619725,262,3,0.77668,2018-03-16 13:49:39.916,9,170,92,"Active",9,33,2.02,3.02,"TopLevel",0.272727272727273,61.9725,14
"GEOFIELD1","Range : [0.00, 16.00]",-1.964636,"b4e32dca-f9e2-5070-bfb0-7280fac39509","EQUIBEHAVIOR","[3.02, 4.02>",18,"numeric",0.619725,262,4,0.517787,2018-03-16 13:49:39.916,9,170,92,"Active",4,22,3.02,4.02,"TopLevel",0.181818181818182,61.9725,14
"GEOFIELD1","Range : [0.00, 16.00]",-0.633744,"b4e32dca-f9e2-5070-bfb0-7280fac39509","EQUIBEHAVIOR","[4.02, 6.02>",25,"numeric",0.619725,262,5,0.870169,2018-03-16 13:49:39.916,9,170,92,"Active",11,36,4.02,6.02,"TopLevel",0.305555555555556,61.9725,14
"GEOFIELD1","Range : [0.00, 16.00]",1.478058,"b4e32dca-f9e2-5070-bfb0-7280fac39509","EQUIBEHAVIOR","[6.02, 7.02>",18,"numeric",0.619725,262,6,1.340153,2018-03-16 13:49:39.916,9,170,92,"Active",16,34,6.02,7.02,"TopLevel",0.470588235294118,61.9725,14
"GEOFIELD1","Range : [0.00, 16.00]",0.742636,"b4e32dca-f9e2-5070-bfb0-7280fac39509","EQUIBEHAVIOR","[7.02, 8.02>",12,"numeric",0.619725,262,7,1.220497,2018-03-16 13:49:39.916,9,170,92,"Active",9,21,7.02,8.02,"TopLevel",0.428571428571429,61.9725,14
"GEOFIELD1","Range : [0.00, 16.00]",-1.698611,"b4e32dca-f9e2-5070-bfb0-7280fac39509","EQUIBEHAVIOR","[8.02, 9.02>",19,"numeric",0.619725,262,8,0.593297,2018-03-16 13:49:39.916,9,170,92,"Active",5,24,8.02,9.02,"TopLevel",0.208333333333333,61.9725,14
"GEOFIELD1","Range : [0.00, 16.00]",0.293272,"b4e32dca-f9e2-5070-bfb0-7280fac39509","EQUIBEHAVIOR","[9.02, 16.0]",13,"numeric",0.619725,262,9,1.084886,2018-03-16 13:49:39.916,9,170,92,"Active",8,21,9.02,16,"TopLevel",0.380952380952381,61.9725,14
"PERSONALFIELD1","Range : [-5.00, 11.00]",1.69853,"b4e32dca-f9e2-5070-bfb0-7280fac39509","EQUIBEHAVIOR","[-5.0, 0.019999999999999574>",8,"numeric",0.617263,262,1,1.582126,2018-03-16 13:49:39.916,8,170,92,"Active",10,18,-5,0.0199999999999996,"TopLevel",0.555555555555556,61.7263,32
"PERSONALFIELD1","Range : [-5.00, 11.00]",0.378707,"b4e32dca-f9e2-5070-bfb0-7280fac39509","EQUIBEHAVIOR","[0.019999999999999574, 2.0199999999999996>",30,"numeric",0.617263,262,2,1.067935,2018-03-16 13:49:39.916,8,170,92,"Active",18,48,0.0199999999999996,2.02,"TopLevel",0.375,61.7263,32
"PERSONALFIELD1","Range : [-5.00, 11.00]",-0.75056,"b4e32dca-f9e2-5070-bfb0-7280fac39509","EQUIBEHAVIOR","[2.0199999999999996, 4.02>",34,"numeric",0.617263,262,3,0.871783,2018-03-16 13:49:39.916,8,170,92,"Active",15,49,2.02,4.02,"TopLevel",0.306122448979592,61.7263,32
"PERSONALFIELD1","Range : [-5.00, 11.00]",1.584321,"b4e32dca-f9e2-5070-bfb0-7280fac39509","EQUIBEHAVIOR","[4.02, 5.02>",10,"numeric",0.617263,262,4,1.491718,2018-03-16 13:49:39.916,8,170,92,"Active",11,21,4.02,5.02,"TopLevel",0.523809523809524,61.7263,32
"PERSONALFIELD1","Range : [-5.00, 11.00]",-1.67658,"b4e32dca-f9e2-5070-bfb0-7280fac39509","EQUIBEHAVIOR","[5.02, 7.02>",31,"numeric",0.617263,262,5,0.694592,2018-03-16 13:49:39.916,8,170,92,"Active",10,41,5.02,7.02,"TopLevel",0.24390243902439,61.7263,32
"PERSONALFIELD1","Range : [-5.00, 11.00]",-0.219461,"b4e32dca-f9e2-5070-bfb0-7280fac39509","EQUIBEHAVIOR","[7.02, 8.02>",20,"numeric",0.617263,262,6,0.949275,2018-03-16 13:49:39.916,8,170,92,"Active",10,30,7.02,8.02,"TopLevel",0.333333333333333,61.7263,32
"PERSONALFIELD1","Range : [-5.00, 11.00]",-1.469317,"b4e32dca-f9e2-5070-bfb0-7280fac39509","EQUIBEHAVIOR","[8.02, 9.02>",20,"numeric",0.617263,262,7,0.657191,2018-03-16 13:49:39.916,8,170,92,"Active",6,26,8.02,9.02,"TopLevel",0.230769230769231,61.7263,32
"PERSONALFIELD1","Range : [-5.00, 11.00]",0.724996,"b4e32dca-f9e2-5070-bfb0-7280fac39509","EQUIBEHAVIOR","[9.02, 11.0]",17,"numeric",0.617263,262,8,1.178411,2018-03-16 13:49:39.916,8,170,92,"Active",12,29,9.02,11,"TopLevel",0.413793103448276,61.7263,32
"GEOFIELD2","Range : [0.00, 16.00]",1.836326,"b4e32dca-f9e2-5070-bfb0-7280fac39509","EQUIBEHAVIOR","[0.0, 0.02>",6,"numeric",0.609143,262,1,1.708696,2018-03-16 13:49:39.916,7,170,92,"Active",9,15,0,0.02,"TopLevel",0.6,60.9143,21
"GEOFIELD2","Range : [0.00, 16.00]",0.695771,"b4e32dca-f9e2-5070-bfb0-7280fac39509","EQUIBEHAVIOR","[0.02, 3.02>",36,"numeric",0.609143,262,2,1.110169,2018-03-16 13:49:39.916,7,170,92,"Active",23,59,0.02,3.02,"TopLevel",0.389830508474576,60.9143,21
"GEOFIELD2","Range : [0.00, 16.00]",-1.636853,"b4e32dca-f9e2-5070-bfb0-7280fac39509","EQUIBEHAVIOR","[3.02, 4.02>",26,"numeric",0.609143,262,3,0.670077,2018-03-16 13:49:39.916,7,170,92,"Active",8,34,3.02,4.02,"TopLevel",0.235294117647059,60.9143,21
"GEOFIELD2","Range : [0.00, 16.00]",0.105746,"b4e32dca-f9e2-5070-bfb0-7280fac39509","EQUIBEHAVIOR","[4.02, 6.02>",36,"numeric",0.609143,262,4,1.017081,2018-03-16 13:49:39.916,7,170,92,"Active",20,56,4.02,6.02,"TopLevel",0.357142857142857,60.9143,21
"GEOFIELD2","Range : [0.00, 16.00]",-1.787614,"b4e32dca-f9e2-5070-bfb0-7280fac39509","EQUIBEHAVIOR","[6.02, 8.02>",41,"numeric",0.609143,262,5,0.724901,2018-03-16 13:49:39.916,7,170,92,"Active",14,55,6.02,8.02,"TopLevel",0.254545454545455,60.9143,21
"GEOFIELD2","Range : [0.00, 16.00]",0.218592,"b4e32dca-f9e2-5070-bfb0-7280fac39509","EQUIBEHAVIOR","[8.02, 9.02>",17,"numeric",0.609143,262,6,1.05475,2018-03-16 13:49:39.916,7,170,92,"Active",10,27,8.02,9.02,"TopLevel",0.37037037037037,60.9143,21
"GEOFIELD2","Range : [0.00, 16.00]",1.18858,"b4e32dca-f9e2-5070-bfb0-7280fac39509","EQUIBEHAVIOR","[9.02, 16.0]",8,"numeric",0.609143,262,7,1.423913,2018-03-16 13:49:39.916,7,170,92,"Active",8,16,9.02,16,"TopLevel",0.5,60.9143,21
"COUNTRY","No. symbols = 4",-2.693482,"b4e32dca-f9e2-5070-bfb0-7280fac39509","EQUIBEHAVIOR","Germany, US",121,"symbolic",0.592871,262,1,0.832698,2018-03-16 13:49:39.916,3,170,92,"Active",50,171,,,"TopLevel",0.292397660818713,59.2871,4
"COUNTRY","No. symbols = 4",0.868848,"b4e32dca-f9e2-5070-bfb0-7280fac39509","EQUIBEHAVIOR","Canada",31,"symbolic",0.592871,262,2,1.150084,2018-03-16 13:49:39.916,3,170,92,"Active",21,52,,,"TopLevel",0.403846153846154,59.2871,4
"COUNTRY","No. symbols = 4",2.461568,"b4e32dca-f9e2-5070-bfb0-7280fac39509","EQUIBEHAVIOR","Netherlands",18,"symbolic",0.592871,262,3,1.533445,2018-03-16 13:49:39.916,3,170,92,"Active",21,39,,,"TopLevel",0.538461538461538,59.2871,4
"CREDITHISTORY","No. symbols = 2",-2.666384,"b4e32dca-f9e2-5070-bfb0-7280fac39509","EQUIBEHAVIOR","Repaid on time",119,"symbolic",0.583696,262,1,0.830616,2018-03-16 13:49:39.916,2,170,92,"Active",49,168,,,"TopLevel",0.291666666666667,58.3696,5
"CREDITHISTORY","No. symbols = 2",2.666384,"b4e32dca-f9e2-5070-bfb0-7280fac39509","EQUIBEHAVIOR","Paid on time",51,"symbolic",0.583696,262,2,1.302729,2018-03-16 13:49:39.916,2,170,92,"Active",43,94,,,"TopLevel",0.457446808510638,58.3696,5
"GEOFIELD4","Range : [0.00, 2.00]",-1.498053,"b4e32dca-f9e2-5070-bfb0-7280fac39509","EQUIBEHAVIOR","[0.0, 0.0025>",77,"numeric",0.547123,262,1,0.854348,2018-03-16 13:49:39.916,2,170,92,"Active",33,110,0,0.0025,"TopLevel",0.3,54.7123,23
"GEOFIELD4","Range : [0.00, 2.00]",1.498053,"b4e32dca-f9e2-5070-bfb0-7280fac39509","EQUIBEHAVIOR","[0.0025, 2.0]",93,"numeric",0.547123,262,2,1.105406,2018-03-16 13:49:39.916,2,170,92,"Active",59,152,0.0025,2,"TopLevel",0.388157894736842,54.7123,23
"Classifier","Range : [-3.00, 1.00]",-1.598456,"b4e32dca-f9e2-5070-bfb0-7280fac39509","EQUIBEHAVIOR","[-3.0, 0.009999999999999787>",142,"numeric",0.544661,262,1,0.93128,2018-03-16 13:49:39.916,4,170,92,"Classifier",69,211,-3,0.00999999999999979,"TopLevel",0.327830188679245,54.4661,9
"Classifier","Range : [-3.00, 1.00]",0.2242,"b4e32dca-f9e2-5070-bfb0-7280fac39509","EQUIBEHAVIOR","[0.009999999999999787, 0.015000000000000124>",3,"numeric",0.544661,262,2,1.13913,2018-03-16 13:49:39.916,4,170,92,"Classifier",2,5,0.00999999999999979,0.0150000000000001,"TopLevel",0.416666666666667,54.4661,9
"Classifier","Range : [-3.00, 1.00]",1.184755,"b4e32dca-f9e2-5070-bfb0-7280fac39509","EQUIBEHAVIOR","[0.015000000000000124, 0.9950000000000001>",25,"numeric",0.544661,262,3,1.229743,2018-03-16 13:49:39.916,4,170,92,"Classifier",19,44,0.0150000000000001,0.995,"TopLevel",0.433333333333333,54.4661,9
"Classifier","Range : [-3.00, 1.00]",1.429841,"b4e32dca-f9e2-5070-bfb0-7280fac39509","EQUIBEHAVIOR","[0.9950000000000001, 1.0]",0,"numeric",0.544661,262,4,2.847826,2018-03-16 13:49:39.916,4,170,92,"Classifier",2,2,0.995,1,"TopLevel",0.833333333333333,54.4661,9
"GEOFIELD13","Range : [-405.68, 1125899906842218.00]",-0.774042,"b4e32dca-f9e2-5070-bfb0-7280fac39509","EQUIBEHAVIOR","[-405.683, 4.2221246502541553E12>",145,"numeric",0.534399,262,1,0.97085,2018-03-16 13:49:39.916,3,170,92,"Active",75,220,-405.683,4222124650254.16,"TopLevel",0.340909090909091,53.4399,18
"GEOFIELD13","Range : [-405.68, 1125899906842218.00]",1.641124,"b4e32dca-f9e2-5070-bfb0-7280fac39509","EQUIBEHAVIOR","[4.2221246502541553E12, 5.9109745108832055E13>",7,"numeric",0.534399,262,2,1.601902,2018-03-16 13:49:39.916,3,170,92,"Active",9,16,4222124650254.16,59109745108832,"TopLevel",0.5625,53.4399,18
"GEOFIELD13","Range : [-405.68, 1125899906842218.00]",-0.502261,"b4e32dca-f9e2-5070-bfb0-7280fac39509","EQUIBEHAVIOR","[5.9109745108832055E13, 1.125899906842218E15]",18,"numeric",0.534399,262,3,0.876254,2018-03-16 13:49:39.916,3,170,92,"Active",8,26,59109745108832,1125899906842218,"TopLevel",0.307692307692308,53.4399,18
"GEOFIELD5","No. symbols = 2",-0.855825,"b4e32dca-f9e2-5070-bfb0-7280fac39509","EQUIBEHAVIOR","False",87,"symbolic",0.527621,262,1,0.927199,2018-03-16 13:49:39.916,2,170,92,"Active",42,129,,,"TopLevel",0.325581395348837,52.7621,24
"GEOFIELD5","No. symbols = 2",0.855825,"b4e32dca-f9e2-5070-bfb0-7280fac39509","EQUIBEHAVIOR","True",83,"symbolic",0.527621,262,2,1.070611,2018-03-16 13:49:39.916,2,170,92,"Active",50,133,,,"TopLevel",0.37593984962406,52.7621,24
"GEOFIELD3","Range : [0.00, 1.00]",0.840356,"b4e32dca-f9e2-5070-bfb0-7280fac39509","EQUIBEHAVIOR","[0.0, 0.00125>",63,"numeric",0.526662,262,1,1.088875,2018-03-16 13:49:39.916,2,170,92,"Active",39,102,0,0.00125,"TopLevel",0.382352941176471,52.6662,22
"GEOFIELD3","Range : [0.00, 1.00]",-0.840356,"b4e32dca-f9e2-5070-bfb0-7280fac39509","EQUIBEHAVIOR","[0.00125, 1.0]",107,"numeric",0.526662,262,2,0.943342,2018-03-16 13:49:39.916,2,170,92,"Active",53,160,0.00125,1,"TopLevel",0.33125,52.6662,22
"PAYMENTHISTORY","No. symbols = 3",-0.782681,"b4e32dca-f9e2-5070-bfb0-7280fac39509","EQUIBEHAVIOR","Same week, Same day",110,"symbolic",0.524616,262,1,0.949275,2018-03-16 13:49:39.916,2,170,92,"Active",55,165,,,"TopLevel",0.333333333333333,52.4616,31
"PAYMENTHISTORY","No. symbols = 3",0.782681,"b4e32dca-f9e2-5070-bfb0-7280fac39509","EQUIBEHAVIOR","Same month",60,"symbolic",0.524616,262,2,1.086284,2018-03-16 13:49:39.916,2,170,92,"Active",37,97,,,"TopLevel",0.381443298969072,52.4616,31
"PERSONALFIELD4","Range : [0.00, 2.00]",0.713224,"b4e32dca-f9e2-5070-bfb0-7280fac39509","EQUIBEHAVIOR","[0.0, 0.0025>",68,"numeric",0.522826,262,1,1.071201,2018-03-16 13:49:39.916,2,170,92,"Active",41,109,0,0.0025,"TopLevel",0.376146788990826,52.2826,41
"PERSONALFIELD4","Range : [0.00, 2.00]",-0.713224,"b4e32dca-f9e2-5070-bfb0-7280fac39509","EQUIBEHAVIOR","[0.0025, 2.0]",102,"numeric",0.522826,262,2,0.949275,2018-03-16 13:49:39.916,2,170,92,"Active",51,153,0.0025,2,"TopLevel",0.333333333333333,52.2826,41
"CITY","No. symbols = 201",-0.863825,"b4e32dca-f9e2-5070-bfb0-7280fac39509","EQUIBEHAVIOR","Remaining symbols",37,"symbolic",0.521867,262,1,0.859721,2018-03-16 13:49:39.916,2,170,92,"Active",16,53,,,"TopLevel",0.30188679245283,52.1867,3
"CITY","No. symbols = 201",0.863825,"b4e32dca-f9e2-5070-bfb0-7280fac39509","RESIDUAL","Schmidtberg, Den Burg, Wittstock, South Clyda, Geithain, Sariahland, Bogen, Heaneyborough, Rennerbury, Wetzlar, Alizemouth, Schaijk, Port Zaniyah, East Catalinaton, Roniville, Gaylordton, Neuss, Marktheidenfeld, East Gianna, Monschau, Capelle aan ...",133,"symbolic",0.521867,262,2,1.035573,2018-03-16 13:49:39.916,2,170,92,"Active",76,209,,,"TopLevel",0.363636363636364,52.1867,3
"GEOFIELD6","No. symbols = 2",-0.650174,"b4e32dca-f9e2-5070-bfb0-7280fac39509","EQUIBEHAVIOR","False",66,"symbolic",0.520205,262,1,0.929902,2018-03-16 13:49:39.916,2,170,92,"Active",32,98,,,"TopLevel",0.326530612244898,52.0205,25
"GEOFIELD6","No. symbols = 2",0.650174,"b4e32dca-f9e2-5070-bfb0-7280fac39509","EQUIBEHAVIOR","True",104,"symbolic",0.520205,262,2,1.041888,2018-03-16 13:49:39.916,2,170,92,"Active",60,164,,,"TopLevel",0.365853658536585,52.0205,25
"ADDRESS","No. symbols = 201",-0.546826,"b4e32dca-f9e2-5070-bfb0-7280fac39509","EQUIBEHAVIOR","Remaining symbols",42,"symbolic",0.514834,262,1,0.918654,2018-03-16 13:49:39.916,2,170,92,"Inactive",20,62,,,"TopLevel",0.32258064516129,51.4834,1
"CUSTOMERID","No. symbols = 201",-0.546826,"b4e32dca-f9e2-5070-bfb0-7280fac39509","EQUIBEHAVIOR","Remaining symbols",42,"symbolic",0.514834,262,1,0.918654,2018-03-16 13:49:39.916,2,170,92,"Inactive",20,62,,,"TopLevel",0.32258064516129,51.4834,7
"CUSTOMERNAME","No. symbols = 201",-0.546826,"b4e32dca-f9e2-5070-bfb0-7280fac39509","EQUIBEHAVIOR","Remaining symbols",42,"symbolic",0.514834,262,1,0.918654,2018-03-16 13:49:39.916,2,170,92,"Inactive",20,62,,,"TopLevel",0.32258064516129,51.4834,8
"EMAIL","No. symbols = 201",-0.546826,"b4e32dca-f9e2-5070-bfb0-7280fac39509","EQUIBEHAVIOR","Remaining symbols",42,"symbolic",0.514834,262,1,0.918654,2018-03-16 13:49:39.916,2,170,92,"Inactive",20,62,,,"TopLevel",0.32258064516129,51.4834,11
"HOUSEHOLDID","No. symbols = 201",-0.546826,"b4e32dca-f9e2-5070-bfb0-7280fac39509","EQUIBEHAVIOR","Remaining symbols",42,"symbolic",0.514834,262,1,0.918654,2018-03-16 13:49:39.916,2,170,92,"Inactive",20,62,,,"TopLevel",0.32258064516129,51.4834,29
"ADDRESS","No. symbols = 201",0.546826,"b4e32dca-f9e2-5070-bfb0-7280fac39509","RESIDUAL","73089 Lubowitz Gardens, 841 Denver Lakes, Bonbachstra�e 0/4, 439 Murphy Island, Amiraring 219, 2600 Zulauf Greens, 5970 Lona Shoal, Niemeiergasse 582, Guteallee 99, 6371 Rustin Prairie, Natali-Tlustek-Stra�e 19, 040 Brakus Extension Apt. 868, 005 ...",128,"symbolic",0.514834,262,2,1.025217,2018-03-16 13:49:39.916,2,170,92,"Inactive",72,200,,,"TopLevel",0.36,51.4834,1
"CUSTOMERID","No. symbols = 201",0.546826,"b4e32dca-f9e2-5070-bfb0-7280fac39509","RESIDUAL","CE-36914, CE-49, CE-30134, CE-36596, CE-19222, CE-38772, CE-5250, CE-25906, CE-22622, CE-6340, CE-21410, CE-18804, CE-30937, CE-22187, CE-7433, CE-27096, CE-29032, CE-48, CE-25591, CE-32546, CE-30247, CE-22082, CE-33994, CE-26667, CE-26309, CE-391...",128,"symbolic",0.514834,262,2,1.025217,2018-03-16 13:49:39.916,2,170,92,"Inactive",72,200,,,"TopLevel",0.36,51.4834,7
"CUSTOMERNAME","No. symbols = 201",0.546826,"b4e32dca-f9e2-5070-bfb0-7280fac39509","RESIDUAL","Mr. Marsh Trantow III, Dipl.-Ing. Laila H�lzenbecher, Siegmar Dickhard, Anastacia Rogahn, Dr. Eino Zieme PhD, Henni Mangold B.Sc., Debby Rohan PhD, Lucas Feltzer-Kolster, Bastiaan Peters, Malia Schuppe, Lyle Walsh Sr., Dr. Jerold Bergnaum, Zina Ni...",128,"symbolic",0.514834,262,2,1.025217,2018-03-16 13:49:39.916,2,170,92,"Inactive",72,200,,,"TopLevel",0.36,51.4834,8
"EMAIL","No. symbols = 201",0.546826,"b4e32dca-f9e2-5070-bfb0-7280fac39509","RESIDUAL","tillmanefren@hotmail.com, veliatillman@hotmail.com, brianne13@corwin-howell.com, montrell96@yahoo.com, yvonne47@mcglynn.org, qmueller@rohleder.org, pgumprich@dussen.com, nbien@gunpf.net, kuhnmindi@padberg.org, hammesshira@abbott.biz, mervyn41@yaho...",128,"symbolic",0.514834,262,2,1.025217,2018-03-16 13:49:39.916,2,170,92,"Inactive",72,200,,,"TopLevel",0.36,51.4834,11
"HOUSEHOLDID","No. symbols = 201",0.546826,"b4e32dca-f9e2-5070-bfb0-7280fac39509","RESIDUAL","HH-3809C, HH-338U, HH-5077N, HH-4017G, HH-3363U, HH-884C, HH-4356G, HH-775G, HH-1076G, HH-1715U, HH-2285U, HH-3267G, HH-5040G, HH-5129U, HH-5270G, HH-3570U, HH-2301U, HH-5040U, HH-63G, HH-1738U, HH-3842C, HH-3038G, HH-5392C, HH-3010N, HH-2741G, HH...",128,"symbolic",0.514834,262,2,1.025217,2018-03-16 13:49:39.916,2,170,92,"Inactive",72,200,,,"TopLevel",0.36,51.4834,29
"CREDITSTATUS","No. symbols = 2",-0.439947,"b4e32dca-f9e2-5070-bfb0-7280fac39509","EQUIBEHAVIOR","Clear",110,"symbolic",0.513747,262,1,0.972012,2018-03-16 13:49:39.916,2,170,92,"Inactive",57,167,,,"TopLevel",0.341317365269461,51.3747,6
"CREDITSTATUS","No. symbols = 2",0.439947,"b4e32dca-f9e2-5070-bfb0-7280fac39509","EQUIBEHAVIOR","Due payment",60,"symbolic",0.513747,262,2,1.049199,2018-03-16 13:49:39.916,2,170,92,"Inactive",35,95,,,"TopLevel",0.368421052631579,51.3747,6
"GEOFIELD7","No. symbols = 201",-0.527214,"b4e32dca-f9e2-5070-bfb0-7280fac39509","EQUIBEHAVIOR","Remaining symbols",36,"symbolic",0.513491,262,1,0.913454,2018-03-16 13:49:39.916,2,170,92,"Inactive",17,53,,,"TopLevel",0.320754716981132,51.3491,26
"GEOFIELD7","No. symbols = 201",0.527214,"b4e32dca-f9e2-5070-bfb0-7280fac39509","RESIDUAL","qZ, pz, Pe, Pf, aW, rK, QL, rM, bA, rR, rS, QT, Pv, rh, Qk, rl, sN, Qm, sP, rr, BC, BD, bl, cO, Ao, bq, bs, BU, SG, tH, si, tN, cc, SU, sv, SW, cj, CN, ta, dQ, cq, dT, Bt, Bx, Sj, CZ, By, Bz, da, db, dd, tv, Su, eH, dl, DN, eS, vG, Tf, DX, Th, uk,...",134,"symbolic",0.513491,262,2,1.021947,2018-03-16 13:49:39.916,2,170,92,"Inactive",75,209,,,"TopLevel",0.358851674641148,51.3491,26
"PERSONALFIELD3","Range : [0.00, 1.00]",0.3966,"b4e32dca-f9e2-5070-bfb0-7280fac39509","EQUIBEHAVIOR","[0.0, 0.00125>",55,"numeric",0.512148,262,1,1.047476,2018-03-16 13:49:39.916,2,170,92,"Inactive",32,87,0,0.00125,"TopLevel",0.367816091954023,51.2148,40
"PERSONALFIELD3","Range : [0.00, 1.00]",-0.3966,"b4e32dca-f9e2-5070-bfb0-7280fac39509","EQUIBEHAVIOR","[0.00125, 1.0]",115,"numeric",0.512148,262,2,0.976398,2018-03-16 13:49:39.916,2,170,92,"Inactive",60,175,0.00125,1,"TopLevel",0.342857142857143,51.2148,40
"FREQUENTCALLER","No. symbols = 2",-0.309139,"b4e32dca-f9e2-5070-bfb0-7280fac39509","EQUIBEHAVIOR","Yes",81,"symbolic",0.509974,262,1,0.972428,2018-03-16 13:49:39.916,2,170,92,"Inactive",42,123,,,"TopLevel",0.341463414634146,50.9974,12
"FREQUENTCALLER","No. symbols = 2",0.309139,"b4e32dca-f9e2-5070-bfb0-7280fac39509","EQUIBEHAVIOR","No",89,"symbolic",0.509974,262,2,1.024398,2018-03-16 13:49:39.916,2,170,92,"Inactive",50,139,,,"TopLevel",0.359712230215827,50.9974,12
"GENDER","No. symbols = 2",0,"b4e32dca-f9e2-5070-bfb0-7280fac39509","EQUIBEHAVIOR","f, m",170,"symbolic",0.5,262,1,1,2018-03-16 13:49:39.916,1,170,92,"Inactive",92,262,,,"TopLevel",0.351145038167939,50,13
"GEOFIELD10","No. symbols = 52",0,"b4e32dca-f9e2-5070-bfb0-7280fac39509","RESIDUAL","A, B, C, D, E, F, G, H, I, J, K, L, M, N, O, P, Q, R, S, T, U, V, W, X, Y, Z, a, b, c, d, e, f, g, h, i, j, k, l, m, n, o, p, q, r, s, t, u, v, w, x, y, z",170,"symbolic",0.5,262,1,1,2018-03-16 13:49:39.916,1,170,92,"Inactive",92,262,,,"TopLevel",0.351145038167939,50,15
"GEOFIELD11","No. symbols = 51",0,"b4e32dca-f9e2-5070-bfb0-7280fac39509","RESIDUAL","A, B, C, D, E, F, G, H, I, K, L, M, N, O, P, Q, R, S, T, U, V, W, X, Y, Z, a, b, c, d, e, f, g, h, i, j, k, l, m, n, o, p, q, r, s, t, u, v, w, x, y, z",170,"symbolic",0.5,262,1,1,2018-03-16 13:49:39.916,1,170,92,"Inactive",92,262,,,"TopLevel",0.351145038167939,50,16
"GEOFIELD12","Range : [-24712134684362.40, 1101187772158261.63]",0,"b4e32dca-f9e2-5070-bfb0-7280fac39509","EQUIBEHAVIOR","[-2.47121346843624E13, 1.1011877721582616E15]",170,"numeric",0.5,262,1,1,2018-03-16 13:49:39.916,1,170,92,"Inactive",92,262,-24712134684362.4,1101187772158262,"TopLevel",0.351145038167939,50,17
"GEOFIELD8","No. symbols = 52",0,"b4e32dca-f9e2-5070-bfb0-7280fac39509","RESIDUAL","A, B, C, D, E, F, G, H, I, J, K, L, M, N, O, P, Q, R, S, T, U, V, W, X, Y, Z, a, b, c, d, e, f, g, h, i, j, k, l, m, n, o, p, q, r, s, t, u, v, w, x, y, z",170,"symbolic",0.5,262,1,1,2018-03-16 13:49:39.916,1,170,92,"Inactive",92,262,,,"TopLevel",0.351145038167939,50,27
"GEOFIELD9","No. symbols = 52",0,"b4e32dca-f9e2-5070-bfb0-7280fac39509","RESIDUAL","A, B, C, D, E, F, G, H, I, J, K, L, M, N, O, P, Q, R, S, T, U, V, W, X, Y, Z, a, b, c, d, e, f, g, h, i, j, k, l, m, n, o, p, q, r, s, t, u, v, w, x, y, z",170,"symbolic",0.5,262,1,1,2018-03-16 13:49:39.916,1,170,92,"Inactive",92,262,,,"TopLevel",0.351145038167939,50,28
"PERSONALFIELD10","No. symbols = 52",0,"b4e32dca-f9e2-5070-bfb0-7280fac39509","RESIDUAL","A, B, C, D, E, F, G, H, I, J, K, L, M, N, O, P, Q, R, S, T, U, V, W, X, Y, Z, a, b, c, d, e, f, g, h, i, j, k, l, m, n, o, p, q, r, s, t, u, v, w, x, y, z",170,"symbolic",0.5,262,1,1,2018-03-16 13:49:39.916,1,170,92,"Inactive",92,262,,,"TopLevel",0.351145038167939,50,33
"PERSONALFIELD11","No. symbols = 52",0,"b4e32dca-f9e2-5070-bfb0-7280fac39509","RESIDUAL","A, B, C, D, E, F, G, H, I, J, K, L, M, N, O, P, Q, R, S, T, U, V, W, X, Y, Z, a, b, c, d, e, f, g, h, i, j, k, l, m, n, o, p, q, r, s, t, u, v, w, x, y, z",170,"symbolic",0.5,262,1,1,2018-03-16 13:49:39.916,1,170,92,"Inactive",92,262,,,"TopLevel",0.351145038167939,50,34
"PERSONALFIELD12","Range : [-1125899906841995.00, 1125899906843253.00]",0,"b4e32dca-f9e2-5070-bfb0-7280fac39509","EQUIBEHAVIOR","[-1.125899906841995E15, 1.125899906843253E15]",170,"numeric",0.5,262,1,1,2018-03-16 13:49:39.916,1,170,92,"Inactive",92,262,-1125899906841995,1125899906843253,"TopLevel",0.351145038167939,50,35
"PERSONALFIELD13","Range : [-1593389716.13, 1125898313452907.63]",0,"b4e32dca-f9e2-5070-bfb0-7280fac39509","EQUIBEHAVIOR","[-1.5933897161320038E9, 1.1258983134529076E15]",170,"numeric",0.5,262,1,1,2018-03-16 13:49:39.916,1,170,92,"Inactive",92,262,-1593389716.132,1125898313452908,"TopLevel",0.351145038167939,50,36
