{"pxObjClass":"PegaAES-Data-CDHSnapshot-BizPerf-ImpactAnalyzer-Daily","pxResults":[{"PlatformVersion":"08-24-53","pxObjClass":"PegaAES-Data-CDHSnapshot-Aggregate","ProductionLevel":"5","SnapshotTime":"2025-05-14T13:30:09.259Z","DeploymentTopology":"true","ClusterName":"lmms-cloudprod","CustomerID":"PegaLMMS","pxResults":[{"Heading":"Lift analysis not available for the selected timeframe and context","EngagementLiftInterval":0.0,"Accepts_Control":0,"IsActive":false,"ConfidenceLevel":"","SnapshotTime":"1970-01-01T00:00:00.000Z","ExperimentName":"NBAHealth_EngagementPolicy","AcceptRate_Control":0.0,"RunType":"Impact Analyzer","ApplicationStack":"LMMS","AcceptRate_NBA":0.0,"KeyIdentifier":"NBAHealth_EngagementPolicy!All channels!Yesterday","IsSignificant":false,"LastDataReceived":"Yesterday","ExperimentLabel":"How is Next-Best-Action performing against applying only eligibility criteria?","AggregationFrequency":"Daily","ActionValuePerImp_NBA":0.0,"pzInsKey":"PEGAAES-DATA-CDHSNAPSHOT-BIZPERF-IMPACTANALYZER-DAILY LMMS-CLOUDPROD!19700101T000000.000 GMT!LMMS!IMPACT ANALYZER!NBAHEALTH_ENGAGEMENTPOLICY!ALL CHANNELS!YESTERDAY","Accepts_NBA":11055,"Guidance":"Unable to calculate value and engagement lift because the test and or/control group does not have any clicks or accepts","pxObjClass":"PegaAES-Data-CDHSnapshot-BizPerf-ImpactAnalyzer-Daily","Impressions_Control":0,"Impressions_NBA":16681,"Type":"Impact Analyzer","ChannelName":"All channels","ActionValuePerImp_Control":0.0,"ValueLift":0E-9,"EngagementLift":0E-9,"ExperimentColor":"Gray","ValueLiftInterval":0.0},{"Heading":"Your models might not be performing as expected.","EngagementLiftInterval":0.17,"Accepts_Control":85,"IsActive":true,"ConfidenceLevel":"","SnapshotTime":"1970-01-01T00:00:00.000Z","ExperimentName":"NBAHealth_LeverPriority","AcceptRate_Control":0.0,"RunType":"Impact Analyzer","ApplicationStack":"LMMS","AcceptRate_NBA":0.0,"KeyIdentifier":"NBAHealth_LeverPriority!All channels!Yesterday","LastDataReceived":"Yesterday","IsSignificant":false,"ExperimentLabel":"How is Next-Best-Action performing against arbitrating with no levers?","AggregationFrequency":"Daily","pzInsKey":"PEGAAES-DATA-CDHSNAPSHOT-BIZPERF-IMPACTANALYZER-DAILY LMMS-CLOUDPROD!19700101T000000.000 GMT!LMMS!IMPACT ANALYZER!NBAHEALTH_LEVERPRIORITY!ALL CHANNELS!YESTERDAY","ActionValuePerImp_NBA":0.0,"Accepts_NBA":11055,"pxObjClass":"PegaAES-Data-CDHSnapshot-BizPerf-ImpactAnalyzer-Daily","Guidance":"Check “Performance of AI” test and review models in prediction studio.","Impressions_Control":154,"Impressions_NBA":16681,"Type":"Impact Analyzer","ChannelName":"All channels","ValueLift":0E-9,"ActionValuePerImp_Control":0.0,"EngagementLift":0.200710918,"ExperimentColor":"Red","ValueLiftInterval":0.0},{"Heading":"Your models might not be performing as expected.","IsActive":true,"EngagementLiftInterval":0.18,"Accepts_Control":59,"ConfidenceLevel":"","SnapshotTime":"1970-01-01T00:00:00.000Z","ExperimentName":"NBAHealth_ModelControl","AcceptRate_Control":0.0,"RunType":"Impact Analyzer","ApplicationStack":"LMMS","AcceptRate_NBA":0.0,"KeyIdentifier":"NBAHealth_ModelControl!All channels!Yesterday","IsSignificant":false,"LastDataReceived":"Yesterday","ExperimentLabel":"How is adaptive model propensity performing against a random propensity?","AggregationFrequency":"Daily","pzInsKey":"PEGAAES-DATA-CDHSNAPSHOT-BIZPERF-IMPACTANALYZER-DAILY LMMS-CLOUDPROD!19700101T000000.000 GMT!LMMS!IMPACT ANALYZER!NBAHEALTH_MODELCONTROL!ALL CHANNELS!YESTERDAY","ActionValuePerImp_NBA":0.0,"Accepts_NBA":42,"pxObjClass":"PegaAES-Data-CDHSnapshot-BizPerf-ImpactAnalyzer-Daily","Guidance":"Review models in Prediction Studio.","Impressions_Control":74,"Impressions_NBA":53,"Type":"Impact Analyzer","ChannelName":"All channels","ValueLift":0E-9,"ActionValuePerImp_Control":0.0,"EngagementLift":-0.006076111,"ValueLiftInterval":0.0,"ExperimentColor":"Red"},{"Heading":"Well done. Next-Best-Action is delivering value and engagement lift.","EngagementLiftInterval":0.42,"Accepts_Control":47,"IsActive":true,"ConfidenceLevel":"","SnapshotTime":"1970-01-01T00:00:00.000Z","ExperimentName":"NBAHealth_NBAPrioritization","AcceptRate_Control":0.0,"RunType":"Impact Analyzer","ApplicationStack":"LMMS","AcceptRate_NBA":0.0,"KeyIdentifier":"NBAHealth_NBAPrioritization!All channels!Yesterday","LastDataReceived":"Yesterday","IsSignificant":false,"ExperimentLabel":"How is Next-Best-Action performing against a random relevant action?","AggregationFrequency":"Daily","pzInsKey":"PEGAAES-DATA-CDHSNAPSHOT-BIZPERF-IMPACTANALYZER-DAILY LMMS-CLOUDPROD!19700101T000000.000 GMT!LMMS!IMPACT ANALYZER!NBAHEALTH_NBAPRIORITIZATION!ALL CHANNELS!YESTERDAY","ActionValuePerImp_NBA":0.0,"Accepts_NBA":11055,"pxObjClass":"PegaAES-Data-CDHSnapshot-BizPerf-ImpactAnalyzer-Daily","Guidance":"Nothing specific to do right now. Continue to monitor.","Impressions_Control":130,"Impressions_NBA":16681,"Type":"Impact Analyzer","ChannelName":"All channels","ValueLift":0E-9,"ActionValuePerImp_Control":0.0,"EngagementLift":0.833083123,"ExperimentColor":"Green","ValueLiftInterval":0.0},{"Heading":"Value and/or lever bias may be hurting customer engagement.","Accepts_Control":84,"EngagementLiftInterval":0.07,"IsActive":true,"ConfidenceLevel":"","SnapshotTime":"1970-01-01T00:00:00.000Z","ExperimentName":"NBAHealth_PropensityPriority","AcceptRate_Control":0.0,"RunType":"Impact Analyzer","ApplicationStack":"LMMS","AcceptRate_NBA":0.0,"KeyIdentifier":"NBAHealth_PropensityPriority!All channels!Yesterday","IsSignificant":false,"LastDataReceived":"Yesterday","ExperimentLabel":"How is Next-Best-Action performing against arbitrating by propensity-only?","AggregationFrequency":"Daily","pzInsKey":"PEGAAES-DATA-CDHSNAPSHOT-BIZPERF-IMPACTANALYZER-DAILY LMMS-CLOUDPROD!19700101T000000.000 GMT!LMMS!IMPACT ANALYZER!NBAHEALTH_PROPENSITYPRIORITY!ALL CHANNELS!YESTERDAY","ActionValuePerImp_NBA":0.0,"Accepts_NBA":11055,"pxObjClass":"PegaAES-Data-CDHSnapshot-BizPerf-ImpactAnalyzer-Daily","Guidance":"Reduce business weights/levers and action values to let NBA optimize your overall customer engagement.","Impressions_NBA":16681,"Impressions_Control":102,"Type":"Impact Analyzer","ChannelName":"All channels","ValueLift":0E-9,"ActionValuePerImp_Control":0.0,"EngagementLift":-0.195256365,"ValueLiftInterval":0.0,"ExperimentColor":"Yellow"},{"Heading":"Lift analysis not available for the selected timeframe and context","IsActive":false,"EngagementLiftInterval":0.0,"Accepts_Control":0,"ConfidenceLevel":"","SnapshotTime":"1970-01-01T00:00:00.000Z","ExperimentName":"NBAHealth_EngagementPolicy","AcceptRate_Control":0.0,"RunType":"Impact Analyzer","ApplicationStack":"LMMS","AcceptRate_NBA":0.0,"KeyIdentifier":"NBAHealth_EngagementPolicy!Email!Yesterday","IsSignificant":false,"LastDataReceived":"Yesterday","ExperimentLabel":"How is Next-Best-Action performing against applying only eligibility criteria?","AggregationFrequency":"Daily","pzInsKey":"PEGAAES-DATA-CDHSNAPSHOT-BIZPERF-IMPACTANALYZER-DAILY LMMS-CLOUDPROD!19700101T000000.000 GMT!LMMS!IMPACT ANALYZER!NBAHEALTH_ENGAGEMENTPOLICY!EMAIL!YESTERDAY","ActionValuePerImp_NBA":0.0,"Accepts_NBA":11055,"pxObjClass":"PegaAES-Data-CDHSnapshot-BizPerf-ImpactAnalyzer-Daily","Guidance":"Unable to calculate value and engagement lift because the test and or/control group does not have any clicks or accepts","Impressions_NBA":10905,"Impressions_Control":0,"Type":"Impact Analyzer","ChannelName":"Email","ValueLift":0E-9,"ActionValuePerImp_Control":0.0,"EngagementLift":0E-9,"ExperimentColor":"Gray","ValueLiftInterval":0.0},{"Heading":"Your models might not be performing as expected.","Accepts_Control":85,"EngagementLiftInterval":0.0,"IsActive":true,"ConfidenceLevel":"","SnapshotTime":"1970-01-01T00:00:00.000Z","ExperimentName":"NBAHealth_LeverPriority","AcceptRate_Control":0.0,"RunType":"Impact Analyzer","ApplicationStack":"LMMS","AcceptRate_NBA":0.0,"KeyIdentifier":"NBAHealth_LeverPriority!Email!Yesterday","LastDataReceived":"Yesterday","IsSignificant":false,"ExperimentLabel":"How is Next-Best-Action performing against arbitrating with no levers?","AggregationFrequency":"Daily","pzInsKey":"PEGAAES-DATA-CDHSNAPSHOT-BIZPERF-IMPACTANALYZER-DAILY LMMS-CLOUDPROD!19700101T000000.000 GMT!LMMS!IMPACT ANALYZER!NBAHEALTH_LEVERPRIORITY!EMAIL!YESTERDAY","ActionValuePerImp_NBA":0.0,"Accepts_NBA":11055,"pxObjClass":"PegaAES-Data-CDHSnapshot-BizPerf-ImpactAnalyzer-Daily","Guidance":"Check “Performance of AI” test and review models in prediction studio.","Impressions_NBA":10905,"Impressions_Control":107,"Type":"Impact Analyzer","ChannelName":"Email","ValueLift":0E-9,"ActionValuePerImp_Control":0.0,"EngagementLift":0.276138846,"ValueLiftInterval":0.0,"ExperimentColor":"Red"},{"Heading":"Your adaptive models are performing as expected.","IsActive":true,"Accepts_Control":59,"EngagementLiftInterval":0.0,"ConfidenceLevel":"","SnapshotTime":"1970-01-01T00:00:00.000Z","ExperimentName":"NBAHealth_ModelControl","AcceptRate_Control":0.0,"RunType":"Impact Analyzer","ApplicationStack":"LMMS","AcceptRate_NBA":0.0,"KeyIdentifier":"NBAHealth_ModelControl!Email!Yesterday","LastDataReceived":"Yesterday","IsSignificant":false,"ExperimentLabel":"How is adaptive model propensity performing against a random propensity?","AggregationFrequency":"Daily","ActionValuePerImp_NBA":0.0,"pzInsKey":"PEGAAES-DATA-CDHSNAPSHOT-BIZPERF-IMPACTANALYZER-DAILY LMMS-CLOUDPROD!19700101T000000.000 GMT!LMMS!IMPACT ANALYZER!NBAHEALTH_MODELCONTROL!EMAIL!YESTERDAY","Accepts_NBA":42,"pxObjClass":"PegaAES-Data-CDHSnapshot-BizPerf-ImpactAnalyzer-Daily","Guidance":"See other Impact Analyzer tests for insight and guidance on how you might improve engagement and value capture.","Impressions_Control":52,"Impressions_NBA":36,"Type":"Impact Analyzer","ChannelName":"Email","ActionValuePerImp_Control":0.0,"ValueLift":0E-9,"EngagementLift":0.028248588,"ValueLiftInterval":0.0,"ExperimentColor":"Green"},{"Heading":"Well done. Next-Best-Action is delivering value and engagement lift.","IsActive":true,"EngagementLiftInterval":0.0,"Accepts_Control":47,"ConfidenceLevel":"","SnapshotTime":"1970-01-01T00:00:00.000Z","ExperimentName":"NBAHealth_NBAPrioritization","AcceptRate_Control":0.0,"RunType":"Impact Analyzer","ApplicationStack":"LMMS","AcceptRate_NBA":0.0,"KeyIdentifier":"NBAHealth_NBAPrioritization!Email!Yesterday","LastDataReceived":"Yesterday","IsSignificant":false,"ExperimentLabel":"How is Next-Best-Action performing against a random relevant action?","AggregationFrequency":"Daily","pzInsKey":"PEGAAES-DATA-CDHSNAPSHOT-BIZPERF-IMPACTANALYZER-DAILY LMMS-CLOUDPROD!19700101T000000.000 GMT!LMMS!IMPACT ANALYZER!NBAHEALTH_NBAPRIORITIZATION!EMAIL!YESTERDAY","ActionValuePerImp_NBA":0.0,"Accepts_NBA":11055,"pxObjClass":"PegaAES-Data-CDHSnapshot-BizPerf-ImpactAnalyzer-Daily","Guidance":"Nothing specific to do right now. Continue to monitor.","Impressions_Control":80,"Impressions_NBA":10905,"Type":"Impact Analyzer","ChannelName":"Email","ValueLift":0E-9,"ActionValuePerImp_Control":0.0,"EngagementLift":0.725540695,"ExperimentColor":"Green","ValueLiftInterval":0.0},{"Heading":"Well done. Next-Best-Action is delivering value lift and engagement lift is within acceptable limits.","IsActive":true,"Accepts_Control":84,"EngagementLiftInterval":0.0,"ConfidenceLevel":"","SnapshotTime":"1970-01-01T00:00:00.000Z","ExperimentName":"NBAHealth_PropensityPriority","AcceptRate_Control":0.0,"RunType":"Impact Analyzer","ApplicationStack":"LMMS","AcceptRate_NBA":0.0,"KeyIdentifier":"NBAHealth_PropensityPriority!Email!Yesterday","IsSignificant":false,"LastDataReceived":"Yesterday","ExperimentLabel":"How is Next-Best-Action performing against arbitrating by propensity-only?","AggregationFrequency":"Daily","ActionValuePerImp_NBA":0.0,"pzInsKey":"PEGAAES-DATA-CDHSNAPSHOT-BIZPERF-IMPACTANALYZER-DAILY LMMS-CLOUDPROD!19700101T000000.000 GMT!LMMS!IMPACT ANALYZER!NBAHEALTH_PROPENSITYPRIORITY!EMAIL!YESTERDAY","Accepts_NBA":11055,"pxObjClass":"PegaAES-Data-CDHSnapshot-BizPerf-ImpactAnalyzer-Daily","Guidance":"There may be opportunities to improve engagement (possibly at the expense of value capture) by reducing business weights/levers and action values.","Impressions_NBA":10905,"Impressions_Control":82,"Type":"Impact Analyzer","ChannelName":"Email","ValueLift":0E-9,"ActionValuePerImp_Control":0.0,"EngagementLift":-0.010381869,"ValueLiftInterval":0.0,"ExperimentColor":"Green"},{"Heading":"Lift analysis not available for the selected timeframe and context","Accepts_Control":0,"IsActive":false,"EngagementLiftInterval":0.0,"ConfidenceLevel":"","SnapshotTime":"1970-01-01T00:00:00.000Z","ExperimentName":"NBAHealth_EngagementPolicy","AcceptRate_Control":0.0,"RunType":"Impact Analyzer","ApplicationStack":"LMMS","AcceptRate_NBA":0.0,"KeyIdentifier":"NBAHealth_EngagementPolicy!Web!Yesterday","IsSignificant":false,"LastDataReceived":"Yesterday","ExperimentLabel":"How is Next-Best-Action performing against applying only eligibility criteria?","AggregationFrequency":"Daily","pzInsKey":"PEGAAES-DATA-CDHSNAPSHOT-BIZPERF-IMPACTANALYZER-DAILY LMMS-CLOUDPROD!19700101T000000.000 GMT!LMMS!IMPACT ANALYZER!NBAHEALTH_ENGAGEMENTPOLICY!WEB!YESTERDAY","ActionValuePerImp_NBA":0.0,"Accepts_NBA":0,"Guidance":"Unable to calculate value and engagement lift because the test and or/control group does not have any clicks or accepts","pxObjClass":"PegaAES-Data-CDHSnapshot-BizPerf-ImpactAnalyzer-Daily","Impressions_NBA":5776,"Impressions_Control":0,"Type":"Impact Analyzer","ChannelName":"Web","ActionValuePerImp_Control":0.0,"ValueLift":0E-9,"EngagementLift":0E-9,"ValueLiftInterval":0.0,"ExperimentColor":"Gray"},{"Heading":"Lift analysis not available for the selected timeframe and context","IsActive":true,"Accepts_Control":0,"EngagementLiftInterval":0.0,"ConfidenceLevel":"","SnapshotTime":"1970-01-01T00:00:00.000Z","ExperimentName":"NBAHealth_LeverPriority","AcceptRate_Control":0.0,"RunType":"Impact Analyzer","ApplicationStack":"LMMS","AcceptRate_NBA":0.0,"KeyIdentifier":"NBAHealth_LeverPriority!Web!Yesterday","LastDataReceived":"Yesterday","IsSignificant":false,"ExperimentLabel":"How is Next-Best-Action performing against arbitrating with no levers?","AggregationFrequency":"Daily","pzInsKey":"PEGAAES-DATA-CDHSNAPSHOT-BIZPERF-IMPACTANALYZER-DAILY LMMS-CLOUDPROD!19700101T000000.000 GMT!LMMS!IMPACT ANALYZER!NBAHEALTH_LEVERPRIORITY!WEB!YESTERDAY","ActionValuePerImp_NBA":0.0,"Accepts_NBA":0,"Guidance":"Unable to calculate value and engagement lift because the test and or/control group does not have any clicks or accepts","pxObjClass":"PegaAES-Data-CDHSnapshot-BizPerf-ImpactAnalyzer-Daily","Impressions_NBA":5776,"Impressions_Control":47,"Type":"Impact Analyzer","ChannelName":"Web","ActionValuePerImp_Control":0.0,"ValueLift":0E-9,"EngagementLift":0E-9,"ValueLiftInterval":0.0,"ExperimentColor":"Gray"},{"Heading":"Lift analysis not available for the selected timeframe and context","Accepts_Control":0,"IsActive":true,"EngagementLiftInterval":0.0,"ConfidenceLevel":"","SnapshotTime":"1970-01-01T00:00:00.000Z","ExperimentName":"NBAHealth_ModelControl","AcceptRate_Control":0.0,"RunType":"Impact Analyzer","ApplicationStack":"LMMS","AcceptRate_NBA":0.0,"KeyIdentifier":"NBAHealth_ModelControl!Web!Yesterday","IsSignificant":false,"LastDataReceived":"Yesterday","ExperimentLabel":"How is adaptive model propensity performing against a random propensity?","AggregationFrequency":"Daily","pzInsKey":"PEGAAES-DATA-CDHSNAPSHOT-BIZPERF-IMPACTANALYZER-DAILY LMMS-CLOUDPROD!19700101T000000.000 GMT!LMMS!IMPACT ANALYZER!NBAHEALTH_MODELCONTROL!WEB!YESTERDAY","ActionValuePerImp_NBA":0.0,"Accepts_NBA":0,"Guidance":"Unable to calculate value and engagement lift because the test and or/control group does not have any clicks or accepts","pxObjClass":"PegaAES-Data-CDHSnapshot-BizPerf-ImpactAnalyzer-Daily","Impressions_NBA":17,"Impressions_Control":22,"Type":"Impact Analyzer","ChannelName":"Web","ActionValuePerImp_Control":0.0,"ValueLift":0E-9,"EngagementLift":0E-9,"ValueLiftInterval":0.0,"ExperimentColor":"Gray"},{"Heading":"Lift analysis not available for the selected timeframe and context","EngagementLiftInterval":0.0,"IsActive":true,"Accepts_Control":0,"ConfidenceLevel":"","SnapshotTime":"1970-01-01T00:00:00.000Z","ExperimentName":"NBAHealth_NBAPrioritization","AcceptRate_Control":0.0,"RunType":"Impact Analyzer","ApplicationStack":"LMMS","AcceptRate_NBA":0.0,"KeyIdentifier":"NBAHealth_NBAPrioritization!Web!Yesterday","LastDataReceived":"Yesterday","IsSignificant":false,"ExperimentLabel":"How is Next-Best-Action performing against a random relevant action?","AggregationFrequency":"Daily","pzInsKey":"PEGAAES-DATA-CDHSNAPSHOT-BIZPERF-IMPACTANALYZER-DAILY LMMS-CLOUDPROD!19700101T000000.000 GMT!LMMS!IMPACT ANALYZER!NBAHEALTH_NBAPRIORITIZATION!WEB!YESTERDAY","ActionValuePerImp_NBA":0.0,"Accepts_NBA":0,"pxObjClass":"PegaAES-Data-CDHSnapshot-BizPerf-ImpactAnalyzer-Daily","Guidance":"Unable to calculate value and engagement lift because the test and or/control group does not have any clicks or accepts","Impressions_NBA":5776,"Impressions_Control":50,"Type":"Impact Analyzer","ChannelName":"Web","ValueLift":0E-9,"ActionValuePerImp_Control":0.0,"EngagementLift":0E-9,"ValueLiftInterval":0.0,"ExperimentColor":"Gray"},{"Heading":"Lift analysis not available for the selected timeframe and context","Accepts_Control":0,"EngagementLiftInterval":0.0,"IsActive":true,"ConfidenceLevel":"","SnapshotTime":"1970-01-01T00:00:00.000Z","ExperimentName":"NBAHealth_PropensityPriority","AcceptRate_Control":0.0,"RunType":"Impact Analyzer","ApplicationStack":"LMMS","AcceptRate_NBA":0.0,"KeyIdentifier":"NBAHealth_PropensityPriority!Web!Yesterday","LastDataReceived":"Yesterday","IsSignificant":false,"ExperimentLabel":"How is Next-Best-Action performing against arbitrating by propensity-only?","AggregationFrequency":"Daily","pzInsKey":"PEGAAES-DATA-CDHSNAPSHOT-BIZPERF-IMPACTANALYZER-DAILY LMMS-CLOUDPROD!19700101T000000.000 GMT!LMMS!IMPACT ANALYZER!NBAHEALTH_PROPENSITYPRIORITY!WEB!YESTERDAY","ActionValuePerImp_NBA":0.0,"Accepts_NBA":0,"pxObjClass":"PegaAES-Data-CDHSnapshot-BizPerf-ImpactAnalyzer-Daily","Guidance":"Unable to calculate value and engagement lift because the test and or/control group does not have any clicks or accepts","Impressions_Control":20,"Impressions_NBA":5776,"Type":"Impact Analyzer","ChannelName":"Web","ValueLift":0E-9,"ActionValuePerImp_Control":0.0,"EngagementLift":0E-9,"ExperimentColor":"Gray","ValueLiftInterval":0.0}]}]}