{"pxObjClass":"PegaAES-Data-CDHSnapshot-BizPerf-ImpactAnalyzer-Daily","pxResults":[{"PlatformVersion":"08-24-53","pxObjClass":"PegaAES-Data-CDHSnapshot-Aggregate","ProductionLevel":"5","SnapshotTime":"2025-05-29T13:30:10.164Z","DeploymentTopology":"true","ClusterName":"lmms-cloudprod","CustomerID":"PegaLMMS","pxResults":[{"Heading":"Lift analysis not available for the selected timeframe and context","IsActive":false,"EngagementLiftInterval":0.0,"Accepts_Control":0,"ConfidenceLevel":"","SnapshotTime":"1970-01-01T00:00:00.000Z","ExperimentName":"NBAHealth_EngagementPolicy","AcceptRate_Control":0.0,"RunType":"Impact Analyzer","ApplicationStack":"LMMS","AcceptRate_NBA":0.0,"KeyIdentifier":"NBAHealth_EngagementPolicy!All channels!Yesterday","LastDataReceived":"Yesterday","IsSignificant":false,"ExperimentLabel":"How is Next-Best-Action performing against applying only eligibility criteria?","AggregationFrequency":"Daily","pzInsKey":"PEGAAES-DATA-CDHSNAPSHOT-BIZPERF-IMPACTANALYZER-DAILY LMMS-CLOUDPROD!19700101T000000.000 GMT!LMMS!IMPACT ANALYZER!NBAHEALTH_ENGAGEMENTPOLICY!ALL CHANNELS!YESTERDAY","ActionValuePerImp_NBA":0.0,"Accepts_NBA":42904,"Guidance":"Unable to calculate value and engagement lift because the test and or/control group does not have any clicks or accepts","pxObjClass":"PegaAES-Data-CDHSnapshot-BizPerf-ImpactAnalyzer-Daily","Impressions_Control":0,"Impressions_NBA":40221,"Type":"Impact Analyzer","ChannelName":"All channels","ValueLift":0E-9,"ActionValuePerImp_Control":0.0,"EngagementLift":0E-9,"ValueLiftInterval":0.0,"ExperimentColor":"Gray"},{"Heading":"Your models might not be performing as expected.","IsActive":true,"Accepts_Control":409,"EngagementLiftInterval":0.0,"ConfidenceLevel":"","SnapshotTime":"1970-01-01T00:00:00.000Z","ExperimentName":"NBAHealth_LeverPriority","AcceptRate_Control":0.0,"RunType":"Impact Analyzer","ApplicationStack":"LMMS","AcceptRate_NBA":0.0,"KeyIdentifier":"NBAHealth_LeverPriority!All channels!Yesterday","LastDataReceived":"Yesterday","IsSignificant":false,"ExperimentLabel":"How is Next-Best-Action performing against arbitrating with no levers?","AggregationFrequency":"Daily","ActionValuePerImp_NBA":0.0,"pzInsKey":"PEGAAES-DATA-CDHSNAPSHOT-BIZPERF-IMPACTANALYZER-DAILY LMMS-CLOUDPROD!19700101T000000.000 GMT!LMMS!IMPACT ANALYZER!NBAHEALTH_LEVERPRIORITY!ALL CHANNELS!YESTERDAY","Accepts_NBA":42904,"Guidance":"Check “Performance of AI” test and review models in Prediction Studio","pxObjClass":"PegaAES-Data-CDHSnapshot-BizPerf-ImpactAnalyzer-Daily","Impressions_Control":380,"Impressions_NBA":40221,"Type":"Impact Analyzer","ChannelName":"All channels","ValueLift":0E-9,"ActionValuePerImp_Control":0.0,"EngagementLift":-0.008927996,"ValueLiftInterval":0.0,"ExperimentColor":"Red"},{"Heading":"Your adaptive models are performing as expected.","IsActive":true,"EngagementLiftInterval":0.0,"Accepts_Control":210,"ConfidenceLevel":"","SnapshotTime":"1970-01-01T00:00:00.000Z","ExperimentName":"NBAHealth_ModelControl","AcceptRate_Control":0.0,"RunType":"Impact Analyzer","ApplicationStack":"LMMS","AcceptRate_NBA":0.0,"KeyIdentifier":"NBAHealth_ModelControl!All channels!Yesterday","LastDataReceived":"Yesterday","IsSignificant":false,"ExperimentLabel":"How is adaptive model propensity performing against a random propensity?","AggregationFrequency":"Daily","pzInsKey":"PEGAAES-DATA-CDHSNAPSHOT-BIZPERF-IMPACTANALYZER-DAILY LMMS-CLOUDPROD!19700101T000000.000 GMT!LMMS!IMPACT ANALYZER!NBAHEALTH_MODELCONTROL!ALL CHANNELS!YESTERDAY","ActionValuePerImp_NBA":0.0,"Accepts_NBA":255,"pxObjClass":"PegaAES-Data-CDHSnapshot-BizPerf-ImpactAnalyzer-Daily","Guidance":"See other Impact Analyzer tests for insight and guidance on how you might improve engagement and value capture.","Impressions_NBA":185,"Impressions_Control":190,"Type":"Impact Analyzer","ChannelName":"All channels","ActionValuePerImp_Control":0.0,"ValueLift":0E-9,"EngagementLift":0.247104247,"ExperimentColor":"Green","ValueLiftInterval":0.0},{"Heading":"Well done. Next-Best-Action is delivering value and engagement lift.","EngagementLiftInterval":0.0,"IsActive":true,"Accepts_Control":429,"ConfidenceLevel":"","SnapshotTime":"1970-01-01T00:00:00.000Z","ExperimentName":"NBAHealth_NBAPrioritization","AcceptRate_Control":0.0,"RunType":"Impact Analyzer","ApplicationStack":"LMMS","AcceptRate_NBA":0.0,"KeyIdentifier":"NBAHealth_NBAPrioritization!All channels!Yesterday","IsSignificant":false,"LastDataReceived":"Yesterday","ExperimentLabel":"How is Next-Best-Action performing against a random relevant action?","AggregationFrequency":"Daily","ActionValuePerImp_NBA":0.0,"pzInsKey":"PEGAAES-DATA-CDHSNAPSHOT-BIZPERF-IMPACTANALYZER-DAILY LMMS-CLOUDPROD!19700101T000000.000 GMT!LMMS!IMPACT ANALYZER!NBAHEALTH_NBAPRIORITIZATION!ALL CHANNELS!YESTERDAY","Accepts_NBA":42904,"Guidance":"Nothing specific to do right now. Continue to monitor.","pxObjClass":"PegaAES-Data-CDHSnapshot-BizPerf-ImpactAnalyzer-Daily","Impressions_NBA":40221,"Impressions_Control":498,"Type":"Impact Analyzer","ChannelName":"All channels","ValueLift":0E-9,"ActionValuePerImp_Control":0.0,"EngagementLift":0.238274617,"ValueLiftInterval":0.0,"ExperimentColor":"Green"},{"Heading":"Value and/or lever bias may be hurting customer engagement.","IsActive":true,"EngagementLiftInterval":0.0,"Accepts_Control":447,"ConfidenceLevel":"","SnapshotTime":"1970-01-01T00:00:00.000Z","ExperimentName":"NBAHealth_PropensityPriority","AcceptRate_Control":0.0,"RunType":"Impact Analyzer","ApplicationStack":"LMMS","AcceptRate_NBA":0.0,"KeyIdentifier":"NBAHealth_PropensityPriority!All channels!Yesterday","IsSignificant":false,"LastDataReceived":"Yesterday","ExperimentLabel":"How is Next-Best-Action performing against arbitrating by propensity-only?","AggregationFrequency":"Daily","pzInsKey":"PEGAAES-DATA-CDHSNAPSHOT-BIZPERF-IMPACTANALYZER-DAILY LMMS-CLOUDPROD!19700101T000000.000 GMT!LMMS!IMPACT ANALYZER!NBAHEALTH_PROPENSITYPRIORITY!ALL CHANNELS!YESTERDAY","ActionValuePerImp_NBA":0.0,"Accepts_NBA":42904,"Guidance":"Reduce business weights/levers and action values to let NBA optimize your overall customer engagement.","pxObjClass":"PegaAES-Data-CDHSnapshot-BizPerf-ImpactAnalyzer-Daily","Impressions_NBA":40221,"Impressions_Control":361,"Type":"Impact Analyzer","ChannelName":"All channels","ActionValuePerImp_Control":0.0,"ValueLift":0E-9,"EngagementLift":-0.138521192,"ExperimentColor":"Yellow","ValueLiftInterval":0.0},{"Heading":"Lift analysis not available for the selected timeframe and context","EngagementLiftInterval":0.0,"IsActive":false,"Accepts_Control":0,"ConfidenceLevel":"","SnapshotTime":"1970-01-01T00:00:00.000Z","ExperimentName":"NBAHealth_EngagementPolicy","AcceptRate_Control":0.0,"RunType":"Impact Analyzer","ApplicationStack":"LMMS","AcceptRate_NBA":0.0,"KeyIdentifier":"NBAHealth_EngagementPolicy!Email!Yesterday","IsSignificant":false,"LastDataReceived":"Yesterday","ExperimentLabel":"How is Next-Best-Action performing against applying only eligibility criteria?","AggregationFrequency":"Daily","pzInsKey":"PEGAAES-DATA-CDHSNAPSHOT-BIZPERF-IMPACTANALYZER-DAILY LMMS-CLOUDPROD!19700101T000000.000 GMT!LMMS!IMPACT ANALYZER!NBAHEALTH_ENGAGEMENTPOLICY!EMAIL!YESTERDAY","ActionValuePerImp_NBA":0.0,"Accepts_NBA":42904,"Guidance":"Unable to calculate value and engagement lift because the test and or/control group does not have any clicks or accepts","pxObjClass":"PegaAES-Data-CDHSnapshot-BizPerf-ImpactAnalyzer-Daily","Impressions_NBA":35137,"Impressions_Control":0,"Type":"Impact Analyzer","ChannelName":"Email","ValueLift":0E-9,"ActionValuePerImp_Control":0.0,"EngagementLift":0E-9,"ExperimentColor":"Gray","ValueLiftInterval":0.0},{"Heading":"Your models might not be performing as expected.","Accepts_Control":409,"EngagementLiftInterval":0.0,"IsActive":true,"ConfidenceLevel":"","SnapshotTime":"1970-01-01T00:00:00.000Z","ExperimentName":"NBAHealth_LeverPriority","AcceptRate_Control":0.0,"RunType":"Impact Analyzer","ApplicationStack":"LMMS","AcceptRate_NBA":0.0,"KeyIdentifier":"NBAHealth_LeverPriority!Email!Yesterday","LastDataReceived":"Yesterday","IsSignificant":false,"ExperimentLabel":"How is Next-Best-Action performing against arbitrating with no levers?","AggregationFrequency":"Daily","pzInsKey":"PEGAAES-DATA-CDHSNAPSHOT-BIZPERF-IMPACTANALYZER-DAILY LMMS-CLOUDPROD!19700101T000000.000 GMT!LMMS!IMPACT ANALYZER!NBAHEALTH_LEVERPRIORITY!EMAIL!YESTERDAY","ActionValuePerImp_NBA":0.0,"Accepts_NBA":42904,"pxObjClass":"PegaAES-Data-CDHSnapshot-BizPerf-ImpactAnalyzer-Daily","Guidance":"Check “Performance of AI” test and review models in Prediction Studio","Impressions_Control":288,"Impressions_NBA":35137,"Type":"Impact Analyzer","ChannelName":"Email","ValueLift":0E-9,"ActionValuePerImp_Control":0.0,"EngagementLift":-0.140190409,"ExperimentColor":"Red","ValueLiftInterval":0.0},{"Heading":"Your adaptive models are performing as expected.","IsActive":true,"Accepts_Control":210,"EngagementLiftInterval":0.0,"ConfidenceLevel":"","SnapshotTime":"1970-01-01T00:00:00.000Z","ExperimentName":"NBAHealth_ModelControl","AcceptRate_Control":0.0,"RunType":"Impact Analyzer","ApplicationStack":"LMMS","AcceptRate_NBA":0.0,"KeyIdentifier":"NBAHealth_ModelControl!Email!Yesterday","IsSignificant":false,"LastDataReceived":"Yesterday","ExperimentLabel":"How is adaptive model propensity performing against a random propensity?","AggregationFrequency":"Daily","pzInsKey":"PEGAAES-DATA-CDHSNAPSHOT-BIZPERF-IMPACTANALYZER-DAILY LMMS-CLOUDPROD!19700101T000000.000 GMT!LMMS!IMPACT ANALYZER!NBAHEALTH_MODELCONTROL!EMAIL!YESTERDAY","ActionValuePerImp_NBA":0.0,"Accepts_NBA":255,"pxObjClass":"PegaAES-Data-CDHSnapshot-BizPerf-ImpactAnalyzer-Daily","Guidance":"See other Impact Analyzer tests for insight and guidance on how you might improve engagement and value capture.","Impressions_NBA":165,"Impressions_Control":164,"Type":"Impact Analyzer","ChannelName":"Email","ActionValuePerImp_Control":0.0,"ValueLift":0E-9,"EngagementLift":0.206926407,"ExperimentColor":"Green","ValueLiftInterval":0.0},{"Heading":"There may be opportunities to improve customer engagement.","IsActive":true,"EngagementLiftInterval":0.0,"Accepts_Control":429,"ConfidenceLevel":"","SnapshotTime":"1970-01-01T00:00:00.000Z","ExperimentName":"NBAHealth_NBAPrioritization","AcceptRate_Control":0.0,"RunType":"Impact Analyzer","ApplicationStack":"LMMS","AcceptRate_NBA":0.0,"KeyIdentifier":"NBAHealth_NBAPrioritization!Email!Yesterday","IsSignificant":false,"LastDataReceived":"Yesterday","ExperimentLabel":"How is Next-Best-Action performing against a random relevant action?","AggregationFrequency":"Daily","pzInsKey":"PEGAAES-DATA-CDHSNAPSHOT-BIZPERF-IMPACTANALYZER-DAILY LMMS-CLOUDPROD!19700101T000000.000 GMT!LMMS!IMPACT ANALYZER!NBAHEALTH_NBAPRIORITIZATION!EMAIL!YESTERDAY","ActionValuePerImp_NBA":0.0,"Accepts_NBA":42904,"pxObjClass":"PegaAES-Data-CDHSnapshot-BizPerf-ImpactAnalyzer-Daily","Guidance":"Reduce business weights/levers and action values to let NBA optimize your overall customer engagement.","Impressions_NBA":35137,"Impressions_Control":333,"Type":"Impact Analyzer","ChannelName":"Email","ActionValuePerImp_Control":0.0,"ValueLift":0E-9,"EngagementLift":-0.052192706,"ExperimentColor":"Yellow","ValueLiftInterval":0.0},{"Heading":"Well done. Next-Best-Action is delivering value lift and engagement lift is within acceptable limits.","Accepts_Control":447,"IsActive":true,"EngagementLiftInterval":0.0,"ConfidenceLevel":"","SnapshotTime":"1970-01-01T00:00:00.000Z","ExperimentName":"NBAHealth_PropensityPriority","AcceptRate_Control":0.0,"RunType":"Impact Analyzer","ApplicationStack":"LMMS","AcceptRate_NBA":0.0,"KeyIdentifier":"NBAHealth_PropensityPriority!Email!Yesterday","IsSignificant":false,"LastDataReceived":"Yesterday","ExperimentLabel":"How is Next-Best-Action performing against arbitrating by propensity-only?","AggregationFrequency":"Daily","pzInsKey":"PEGAAES-DATA-CDHSNAPSHOT-BIZPERF-IMPACTANALYZER-DAILY LMMS-CLOUDPROD!19700101T000000.000 GMT!LMMS!IMPACT ANALYZER!NBAHEALTH_PROPENSITYPRIORITY!EMAIL!YESTERDAY","ActionValuePerImp_NBA":0.0,"Accepts_NBA":42904,"pxObjClass":"PegaAES-Data-CDHSnapshot-BizPerf-ImpactAnalyzer-Daily","Guidance":"There may be opportunities to improve engagement (possibly at the expense of value capture) by reducing business weights/levers and action values.","Impressions_Control":348,"Impressions_NBA":35137,"Type":"Impact Analyzer","ChannelName":"Email","ValueLift":0E-9,"ActionValuePerImp_Control":0.0,"EngagementLift":-0.049384643,"ExperimentColor":"Green","ValueLiftInterval":0.0},{"Heading":"Lift analysis not available for the selected timeframe and context","EngagementLiftInterval":0.0,"Accepts_Control":0,"IsActive":false,"ConfidenceLevel":"","SnapshotTime":"1970-01-01T00:00:00.000Z","ExperimentName":"NBAHealth_EngagementPolicy","AcceptRate_Control":0.0,"RunType":"Impact Analyzer","ApplicationStack":"LMMS","AcceptRate_NBA":0.0,"KeyIdentifier":"NBAHealth_EngagementPolicy!Web!Yesterday","LastDataReceived":"Yesterday","IsSignificant":false,"ExperimentLabel":"How is Next-Best-Action performing against applying only eligibility criteria?","AggregationFrequency":"Daily","pzInsKey":"PEGAAES-DATA-CDHSNAPSHOT-BIZPERF-IMPACTANALYZER-DAILY LMMS-CLOUDPROD!19700101T000000.000 GMT!LMMS!IMPACT ANALYZER!NBAHEALTH_ENGAGEMENTPOLICY!WEB!YESTERDAY","ActionValuePerImp_NBA":0.0,"Accepts_NBA":0,"Guidance":"Unable to calculate value and engagement lift because the test and or/control group does not have any clicks or accepts","pxObjClass":"PegaAES-Data-CDHSnapshot-BizPerf-ImpactAnalyzer-Daily","Impressions_Control":0,"Impressions_NBA":5084,"Type":"Impact Analyzer","ChannelName":"Web","ValueLift":0E-9,"ActionValuePerImp_Control":0.0,"EngagementLift":0E-9,"ValueLiftInterval":0.0,"ExperimentColor":"Gray"},{"Heading":"Lift analysis not available for the selected timeframe and context","EngagementLiftInterval":0.0,"IsActive":true,"Accepts_Control":0,"ConfidenceLevel":"","SnapshotTime":"1970-01-01T00:00:00.000Z","ExperimentName":"NBAHealth_LeverPriority","AcceptRate_Control":0.0,"RunType":"Impact Analyzer","ApplicationStack":"LMMS","AcceptRate_NBA":0.0,"KeyIdentifier":"NBAHealth_LeverPriority!Web!Yesterday","IsSignificant":false,"LastDataReceived":"Yesterday","ExperimentLabel":"How is Next-Best-Action performing against arbitrating with no levers?","AggregationFrequency":"Daily","ActionValuePerImp_NBA":0.0,"pzInsKey":"PEGAAES-DATA-CDHSNAPSHOT-BIZPERF-IMPACTANALYZER-DAILY LMMS-CLOUDPROD!19700101T000000.000 GMT!LMMS!IMPACT ANALYZER!NBAHEALTH_LEVERPRIORITY!WEB!YESTERDAY","Accepts_NBA":0,"Guidance":"Unable to calculate value and engagement lift because the test and or/control group does not have any clicks or accepts","pxObjClass":"PegaAES-Data-CDHSnapshot-BizPerf-ImpactAnalyzer-Daily","Impressions_Control":92,"Impressions_NBA":5084,"Type":"Impact Analyzer","ChannelName":"Web","ValueLift":0E-9,"ActionValuePerImp_Control":0.0,"EngagementLift":0E-9,"ValueLiftInterval":0.0,"ExperimentColor":"Gray"},{"Heading":"Lift analysis not available for the selected timeframe and context","EngagementLiftInterval":0.0,"IsActive":true,"Accepts_Control":0,"ConfidenceLevel":"","SnapshotTime":"1970-01-01T00:00:00.000Z","ExperimentName":"NBAHealth_ModelControl","AcceptRate_Control":0.0,"RunType":"Impact Analyzer","ApplicationStack":"LMMS","AcceptRate_NBA":0.0,"KeyIdentifier":"NBAHealth_ModelControl!Web!Yesterday","IsSignificant":false,"LastDataReceived":"Yesterday","ExperimentLabel":"How is adaptive model propensity performing against a random propensity?","AggregationFrequency":"Daily","pzInsKey":"PEGAAES-DATA-CDHSNAPSHOT-BIZPERF-IMPACTANALYZER-DAILY LMMS-CLOUDPROD!19700101T000000.000 GMT!LMMS!IMPACT ANALYZER!NBAHEALTH_MODELCONTROL!WEB!YESTERDAY","ActionValuePerImp_NBA":0.0,"Accepts_NBA":0,"Guidance":"Unable to calculate value and engagement lift because the test and or/control group does not have any clicks or accepts","pxObjClass":"PegaAES-Data-CDHSnapshot-BizPerf-ImpactAnalyzer-Daily","Impressions_NBA":20,"Impressions_Control":26,"Type":"Impact Analyzer","ChannelName":"Web","ActionValuePerImp_Control":0.0,"ValueLift":0E-9,"EngagementLift":0E-9,"ExperimentColor":"Gray","ValueLiftInterval":0.0},{"Heading":"Lift analysis not available for the selected timeframe and context","IsActive":true,"Accepts_Control":0,"EngagementLiftInterval":0.0,"ConfidenceLevel":"","SnapshotTime":"1970-01-01T00:00:00.000Z","ExperimentName":"NBAHealth_NBAPrioritization","AcceptRate_Control":0.0,"RunType":"Impact Analyzer","ApplicationStack":"LMMS","AcceptRate_NBA":0.0,"KeyIdentifier":"NBAHealth_NBAPrioritization!Web!Yesterday","LastDataReceived":"Yesterday","IsSignificant":false,"ExperimentLabel":"How is Next-Best-Action performing against a random relevant action?","AggregationFrequency":"Daily","pzInsKey":"PEGAAES-DATA-CDHSNAPSHOT-BIZPERF-IMPACTANALYZER-DAILY LMMS-CLOUDPROD!19700101T000000.000 GMT!LMMS!IMPACT ANALYZER!NBAHEALTH_NBAPRIORITIZATION!WEB!YESTERDAY","ActionValuePerImp_NBA":0.0,"Accepts_NBA":0,"pxObjClass":"PegaAES-Data-CDHSnapshot-BizPerf-ImpactAnalyzer-Daily","Guidance":"Unable to calculate value and engagement lift because the test and or/control group does not have any clicks or accepts","Impressions_NBA":5084,"Impressions_Control":165,"Type":"Impact Analyzer","ChannelName":"Web","ActionValuePerImp_Control":0.0,"ValueLift":0E-9,"EngagementLift":0E-9,"ValueLiftInterval":0.0,"ExperimentColor":"Gray"},{"Heading":"Lift analysis not available for the selected timeframe and context","EngagementLiftInterval":0.0,"Accepts_Control":0,"IsActive":true,"ConfidenceLevel":"","SnapshotTime":"1970-01-01T00:00:00.000Z","ExperimentName":"NBAHealth_PropensityPriority","AcceptRate_Control":0.0,"RunType":"Impact Analyzer","ApplicationStack":"LMMS","AcceptRate_NBA":0.0,"KeyIdentifier":"NBAHealth_PropensityPriority!Web!Yesterday","LastDataReceived":"Yesterday","IsSignificant":false,"ExperimentLabel":"How is Next-Best-Action performing against arbitrating by propensity-only?","AggregationFrequency":"Daily","pzInsKey":"PEGAAES-DATA-CDHSNAPSHOT-BIZPERF-IMPACTANALYZER-DAILY LMMS-CLOUDPROD!19700101T000000.000 GMT!LMMS!IMPACT ANALYZER!NBAHEALTH_PROPENSITYPRIORITY!WEB!YESTERDAY","ActionValuePerImp_NBA":0.0,"Accepts_NBA":0,"Guidance":"Unable to calculate value and engagement lift because the test and or/control group does not have any clicks or accepts","pxObjClass":"PegaAES-Data-CDHSnapshot-BizPerf-ImpactAnalyzer-Daily","Impressions_NBA":5084,"Impressions_Control":13,"Type":"Impact Analyzer","ChannelName":"Web","ActionValuePerImp_Control":0.0,"ValueLift":0E-9,"EngagementLift":0E-9,"ValueLiftInterval":0.0,"ExperimentColor":"Gray"}]}]}