{"pxobjclass":"Data-Decision-ADM-ModelSnapshot","pyappliestoclass":"Exam-PMDSM-Data-Customer","pysnapshottime":"20180316T134232.265 GMT","pymodelid":"03053052-28c8-5af8-901e-87e857979b3c","pxinsname":"03053052-28C8-5AF8-901E-87E857979B3C!20180316T134232.265 GMT!PMDSM","pxsavedatetime":"20180316T134239.225 GMT","pyrelativepositives":31642,"pynegatives":50134,"pyrelativeresponsecount":81776,"pyactivepredictors":13,"pypositives":31642,"pzinskey":"DATA-DECISION-ADM-MODELSNAPSHOT 03053052-28C8-5AF8-901E-87E857979B3C!20180316T134232.265 GMT!PMDSM","pytotalpredictors":40,"pxapplication":"PMDSM","pyperformance":0.630013,"pyconfigurationname":"BannerModel","pyresponsecount":81776,"pyrelativenegatives":50134,"pyname":"BOFFERSUM","pxcommitdatetime":"20180316T134239.680 GMT","pygroup":null,"pyissue":"Retention","pychannel":"Web"}
{"pxobjclass":"Data-Decision-ADM-ModelSnapshot","pyappliestoclass":"Exam-PMDSM-Data-Customer","pysnapshottime":"20180316T134939.916 GMT","pymodelid":"03053052-28c8-5af8-901e-87e857979b3c","pxinsname":"03053052-28C8-5AF8-901E-87E857979B3C!20180316T134939.916 GMT!PMDSM","pxsavedatetime":"20180316T134944.247 GMT","pyrelativepositives":39802,"pynegatives":65157,"pyrelativeresponsecount":104959,"pyactivepredictors":14,"pypositives":39802,"pzinskey":"DATA-DECISION-ADM-MODELSNAPSHOT 03053052-28C8-5AF8-901E-87E857979B3C!20180316T134939.916 GMT!PMDSM","pytotalpredictors":40,"pxapplication":"PMDSM","pyperformance":0.632808,"pyconfigurationname":"BannerModel","pyresponsecount":104959,"pyrelativenegatives":65157,"pyname":"BOFFERSUM","pxcommitdatetime":"20180316T134944.256 GMT","pygroup":null,"pyissue":"Retention","pychannel":"Web"}
{"pxobjclass":"Data-Decision-ADM-ModelSnapshot","pyappliestoclass":"Exam-PMDSM-Data-Customer","pysnapshottime":"20180316T134232.265 GMT","pymodelid":"0e5e83b4-6313-5fb2-8947-5e83e37437e9","pxinsname":"0E5E83B4-6313-5FB2-8947-5E83E37437E9!20180316T134232.265 GMT!PMDSM","pxsavedatetime":"20180316T134239.881 GMT","pyrelativepositives":36829,"pynegatives":83262,"pyrelativeresponsecount":120091,"pyactivepredictors":9,"pypositives":36829,"pzinskey":"DATA-DECISION-ADM-MODELSNAPSHOT 0E5E83B4-6313-5FB2-8947-5E83E37437E9!20180316T134232.265 GMT!PMDSM","pytotalpredictors":40,"pxapplication":"PMDSM","pyperformance":0.637436,"pyconfigurationname":"BannerModel","pyresponsecount":120091,"pyrelativenegatives":83262,"pyname":"BREFRL","pxcommitdatetime":"20180316T134239.945 GMT","pygroup":null,"pyissue":"Retention","pychannel":"Web"}
{"pxobjclass":"Data-Decision-ADM-ModelSnapshot","pyappliestoclass":"Exam-PMDSM-Data-Customer","pysnapshottime":"20180316T134939.916 GMT","pymodelid":"0e5e83b4-6313-5fb2-8947-5e83e37437e9","pxinsname":"0E5E83B4-6313-5FB2-8947-5E83E37437E9!20180316T134939.916 GMT!PMDSM","pxsavedatetime":"20180316T134944.108 GMT","pyrelativepositives":42347,"pynegatives":103478,"pyrelativeresponsecount":145825,"pyactivepredictors":8,"pypositives":42347,"pzinskey":"DATA-DECISION-ADM-MODELSNAPSHOT 0E5E83B4-6313-5FB2-8947-5E83E37437E9!20180316T134939.916 GMT!PMDSM","pytotalpredictors":40,"pxapplication":"PMDSM","pyperformance":0.643397,"pyconfigurationname":"BannerModel","pyresponsecount":145825,"pyrelativenegatives":103478,"pyname":"BREFRL","pxcommitdatetime":"20180316T134944.256 GMT","pygroup":null,"pyissue":"Retention","pychannel":"Web"}
{"pxobjclass":"Data-Decision-ADM-ModelSnapshot","pyappliestoclass":"Exam-PMDSM-Data-Customer","pysnapshottime":"20180316T134232.265 GMT","pymodelid":"227dee9d-07d9-5965-84fe-06b1e676fc72","pxinsname":"227DEE9D-07D9-5965-84FE-06B1E676FC72!20180316T134232.265 GMT!PMDSM","pxsavedatetime":"20180316T134239.673 GMT","pyrelativepositives":18614,"pynegatives":65002,"pyrelativeresponsecount":83616,"pyactivepredictors":2,"pypositives":18614,"pzinskey":"DATA-DECISION-ADM-MODELSNAPSHOT 227DEE9D-07D9-5965-84FE-06B1E676FC72!20180316T134232.265 GMT!PMDSM","pytotalpredictors":40,"pxapplication":"PMDSM","pyperformance":0.541326,"pyconfigurationname":"BannerModel","pyresponsecount":83616,"pyrelativenegatives":65002,"pyname":"BARB01","pxcommitdatetime":"20180316T134239.680 GMT","pygroup":null,"pyissue":"Retention","pychannel":"Web"}
{"pxobjclass":"Data-Decision-ADM-ModelSnapshot","pyappliestoclass":"Exam-PMDSM-Data-Customer","pysnapshottime":"20180316T134939.916 GMT","pymodelid":"227dee9d-07d9-5965-84fe-06b1e676fc72","pxinsname":"227DEE9D-07D9-5965-84FE-06B1E676FC72!20180316T134939.916 GMT!PMDSM","pxsavedatetime":"20180316T134943.875 GMT","pyrelativepositives":30994,"pynegatives":84714,"pyrelativeresponsecount":115708,"pyactivepredictors":1,"pypositives":30994,"pzinskey":"DATA-DECISION-ADM-MODELSNAPSHOT 227DEE9D-07D9-5965-84FE-06B1E676FC72!20180316T134939.916 GMT!PMDSM","pytotalpredictors":40,"pxapplication":"PMDSM","pyperformance":0.503621,"pyconfigurationname":"BannerModel","pyresponsecount":115708,"pyrelativenegatives":84714,"pyname":"BARB01","pxcommitdatetime":"20180316T134944.037 GMT","pygroup":null,"pyissue":"Retention","pychannel":"Web"}
{"pxobjclass":"Data-Decision-ADM-ModelSnapshot","pyappliestoclass":"Exam-PMDSM-Data-Customer","pysnapshottime":"20180316T134232.265 GMT","pymodelid":"2f8746cd-c562-5343-b65e-b36908eee5b0","pxinsname":"2F8746CD-C562-5343-B65E-B36908EEE5B0!20180316T134232.265 GMT!PMDSM","pxsavedatetime":"20180316T134240.013 GMT","pyrelativepositives":7956,"pynegatives":32856,"pyrelativeresponsecount":40812,"pyactivepredictors":13,"pypositives":7956,"pzinskey":"DATA-DECISION-ADM-MODELSNAPSHOT 2F8746CD-C562-5343-B65E-B36908EEE5B0!20180316T134232.265 GMT!PMDSM","pytotalpredictors":40,"pxapplication":"PMDSM","pyperformance":0.620597,"pyconfigurationname":"BannerModel","pyresponsecount":40812,"pyrelativenegatives":32856,"pyname":"BOFFERWIN","pxcommitdatetime":"20180316T134240.214 GMT","pygroup":null,"pyissue":"Retention","pychannel":"E-Mail"}
{"pxobjclass":"Data-Decision-ADM-ModelSnapshot","pyappliestoclass":"Exam-PMDSM-Data-Customer","pysnapshottime":"20180316T134939.916 GMT","pymodelid":"2f8746cd-c562-5343-b65e-b36908eee5b0","pxinsname":"2F8746CD-C562-5343-B65E-B36908EEE5B0!20180316T134939.916 GMT!PMDSM","pxsavedatetime":"20180316T134943.990 GMT","pyrelativepositives":10203,"pynegatives":42541,"pyrelativeresponsecount":52744,"pyactivepredictors":14,"pypositives":10203,"pzinskey":"DATA-DECISION-ADM-MODELSNAPSHOT 2F8746CD-C562-5343-B65E-B36908EEE5B0!20180316T134939.916 GMT!PMDSM","pytotalpredictors":40,"pxapplication":"PMDSM","pyperformance":0.628935,"pyconfigurationname":"BannerModel","pyresponsecount":52744,"pyrelativenegatives":42541,"pyname":"BOFFERWIN","pxcommitdatetime":"20180316T134944.037 GMT","pygroup":null,"pyissue":"Retention","pychannel":"Web"}
{"pxobjclass":"Data-Decision-ADM-ModelSnapshot","pyappliestoclass":"Exam-PMDSM-Data-Customer","pysnapshottime":"20180316T134232.265 GMT","pymodelid":"3ebd6a79-0b6e-59e8-9654-1e92fea31908","pxinsname":"3EBD6A79-0B6E-59E8-9654-1E92FEA31908!20180316T134232.265 GMT!PMDSM","pxsavedatetime":"20180316T134240.314 GMT","pyrelativepositives":96,"pynegatives":183,"pyrelativeresponsecount":279,"pyactivepredictors":2,"pypositives":96,"pzinskey":"DATA-DECISION-ADM-MODELSNAPSHOT 3EBD6A79-0B6E-59E8-9654-1E92FEA31908!20180316T134232.265 GMT!PMDSM","pytotalpredictors":2,"pxapplication":"PMDSM","pyperformance":0.591075,"pyconfigurationname":"VerySimpleSalesModel","pyresponsecount":279,"pyrelativenegatives":183,"pyname":"PSDISCOUNT100","pxcommitdatetime":"20180316T134240.416 GMT","pygroup":"Proactive","pyissue":"Sales","pychannel":"E-Mail"}
{"pxobjclass":"Data-Decision-ADM-ModelSnapshot","pyappliestoclass":"Exam-PMDSM-Data-Customer","pysnapshottime":"20180316T134939.916 GMT","pymodelid":"3ebd6a79-0b6e-59e8-9654-1e92fea31908","pxinsname":"3EBD6A79-0B6E-59E8-9654-1E92FEA31908!20180316T134939.916 GMT!PMDSM","pxsavedatetime":"20180316T134944.165 GMT","pyrelativepositives":213,"pynegatives":322,"pyrelativeresponsecount":535,"pyactivepredictors":2,"pypositives":213,"pzinskey":"DATA-DECISION-ADM-MODELSNAPSHOT 3EBD6A79-0B6E-59E8-9654-1E92FEA31908!20180316T134939.916 GMT!PMDSM","pytotalpredictors":2,"pxapplication":"PMDSM","pyperformance":0.584121,"pyconfigurationname":"VerySimpleSalesModel","pyresponsecount":535,"pyrelativenegatives":322,"pyname":"PSDISCOUNT100","pxcommitdatetime":"20180316T134944.256 GMT","pygroup":"Proactive","pyissue":"Sales","pychannel":"E-Mail"}
{"pxobjclass":"Data-Decision-ADM-ModelSnapshot","pyappliestoclass":"Exam-PMDSM-Data-Customer","pysnapshottime":"20180316T134232.265 GMT","pymodelid":"4d879cfe-4742-5c5e-8cc3-5924f8a3389f","pxinsname":"4D879CFE-4742-5C5E-8CC3-5924F8A3389F!20180316T134232.265 GMT!PMDSM","pxsavedatetime":"20180316T134239.178 GMT","pyrelativepositives":18329,"pynegatives":8793,"pyrelativeresponsecount":27122,"pyactivepredictors":2,"pypositives":18329,"pzinskey":"DATA-DECISION-ADM-MODELSNAPSHOT 4D879CFE-4742-5C5E-8CC3-5924F8A3389F!20180316T134232.265 GMT!PMDSM","pytotalpredictors":2,"pxapplication":"PMDSM","pyperformance":0.540031,"pyconfigurationname":"VerySimpleSalesModel","pyresponsecount":27122,"pyrelativenegatives":8793,"pyname":"PSEOFFER","pxcommitdatetime":"20180316T134239.680 GMT","pygroup":"Proactive","pyissue":"Sales","pychannel":"Web"}
{"pxobjclass":"Data-Decision-ADM-ModelSnapshot","pyappliestoclass":"Exam-PMDSM-Data-Customer","pysnapshottime":"20180316T134939.916 GMT","pymodelid":"4d879cfe-4742-5c5e-8cc3-5924f8a3389f","pxinsname":"4D879CFE-4742-5C5E-8CC3-5924F8A3389F!20180316T134939.916 GMT!PMDSM","pxsavedatetime":"20180316T134943.981 GMT","pyrelativepositives":23344,"pynegatives":11148,"pyrelativeresponsecount":34492,"pyactivepredictors":1,"pypositives":23344,"pzinskey":"DATA-DECISION-ADM-MODELSNAPSHOT 4D879CFE-4742-5C5E-8CC3-5924F8A3389F!20180316T134939.916 GMT!PMDSM","pytotalpredictors":2,"pxapplication":"PMDSM","pyperformance":0.535516,"pyconfigurationname":"VerySimpleSalesModel","pyresponsecount":34492,"pyrelativenegatives":11148,"pyname":"PSEOFFER","pxcommitdatetime":"20180316T134944.037 GMT","pygroup":"Proactive","pyissue":"Sales","pychannel":"Web"}
{"pxobjclass":"Data-Decision-ADM-ModelSnapshot","pyappliestoclass":"Exam-PMDSM-Data-Customer","pysnapshottime":"20180316T134232.265 GMT","pymodelid":"52197fc1-df34-5612-912d-7d8e7518e19b","pxinsname":"52197FC1-DF34-5612-912D-7D8E7518E19B!20180316T134232.265 GMT!PMDSM","pxsavedatetime":"20180316T134240.407 GMT","pyrelativepositives":92,"pynegatives":170,"pyrelativeresponsecount":262,"pyactivepredictors":2,"pypositives":92,"pzinskey":"DATA-DECISION-ADM-MODELSNAPSHOT 52197FC1-DF34-5612-912D-7D8E7518E19B!20180316T134232.265 GMT!PMDSM","pytotalpredictors":2,"pxapplication":"PMDSM","pyperformance":0.571483,"pyconfigurationname":"VerySimpleSalesModel","pyresponsecount":262,"pyrelativenegatives":170,"pyname":"PSFAMDISCNT","pxcommitdatetime":"20180316T134240.416 GMT","pygroup":"Proactive","pyissue":"Sales","pychannel":"E-Mail"}
{"pxobjclass":"Data-Decision-ADM-ModelSnapshot","pyappliestoclass":"Exam-PMDSM-Data-Customer","pysnapshottime":"20180316T134939.916 GMT","pymodelid":"52197fc1-df34-5612-912d-7d8e7518e19b","pxinsname":"52197FC1-DF34-5612-912D-7D8E7518E19B!20180316T134939.916 GMT!PMDSM","pxsavedatetime":"20180316T134944.244 GMT","pyrelativepositives":92,"pynegatives":170,"pyrelativeresponsecount":262,"pyactivepredictors":2,"pypositives":92,"pzinskey":"DATA-DECISION-ADM-MODELSNAPSHOT 52197FC1-DF34-5612-912D-7D8E7518E19B!20180316T134939.916 GMT!PMDSM","pytotalpredictors":2,"pxapplication":"PMDSM","pyperformance":0.571483,"pyconfigurationname":"VerySimpleSalesModel","pyresponsecount":262,"pyrelativenegatives":170,"pyname":"PSFAMDISCNT","pxcommitdatetime":"20180316T134944.256 GMT","pygroup":"Proactive","pyissue":"Sales","pychannel":"E-Mail"}
{"pxobjclass":"Data-Decision-ADM-ModelSnapshot","pyappliestoclass":"Exam-PMDSM-Data-Customer","pysnapshottime":"20180316T134232.265 GMT","pymodelid":"6ef0868a-be0e-5319-aa24-508723d27665","pxinsname":"6EF0868A-BE0E-5319-AA24-508723D27665!20180316T134232.265 GMT!PMDSM","pxsavedatetime":"20180316T134239.825 GMT","pyrelativepositives":2996,"pynegatives":1692,"pyrelativeresponsecount":4688,"pyactivepredictors":8,"pypositives":2996,"pzinskey":"DATA-DECISION-ADM-MODELSNAPSHOT 6EF0868A-BE0E-5319-AA24-508723D27665!20180316T134232.265 GMT!PMDSM","pytotalpredictors":40,"pxapplication":"PMDSM","pyperformance":0.552444,"pyconfigurationname":"SalesModel","pyresponsecount":4688,"pyrelativenegatives":1692,"pyname":"PSEXTCONTR","pxcommitdatetime":"20180316T134239.945 GMT","pygroup":"Proactive","pyissue":"Sales","pychannel":"E-Mail"}
{"pxobjclass":"Data-Decision-ADM-ModelSnapshot","pyappliestoclass":"Exam-PMDSM-Data-Customer","pysnapshottime":"20180316T134939.916 GMT","pymodelid":"6ef0868a-be0e-5319-aa24-508723d27665","pxinsname":"6EF0868A-BE0E-5319-AA24-508723D27665!20180316T134939.916 GMT!PMDSM","pxsavedatetime":"20180316T134943.929 GMT","pyrelativepositives":6442,"pynegatives":3558,"pyrelativeresponsecount":10131,"pyactivepredictors":13,"pypositives":6442,"pzinskey":"DATA-DECISION-ADM-MODELSNAPSHOT 6EF0868A-BE0E-5319-AA24-508723D27665!20180316T134939.916 GMT!PMDSM","pytotalpredictors":40,"pxapplication":"PMDSM","pyperformance":0.557557,"pyconfigurationname":"SalesModel","pyresponsecount":10131,"pyrelativenegatives":3558,"pyname":"PSEXTCONTR","pxcommitdatetime":"20180316T134944.037 GMT","pygroup":"Proactive","pyissue":"Sales","pychannel":"E-Mail"}
{"pxobjclass":"Data-Decision-ADM-ModelSnapshot","pyappliestoclass":"Exam-PMDSM-Data-Customer","pysnapshottime":"20180316T134232.265 GMT","pymodelid":"7bf31ac7-8562-522f-8f95-7d35e3c7a96f","pxinsname":"7BF31AC7-8562-522F-8F95-7D35E3C7A96F!20180316T134232.265 GMT!PMDSM","pxsavedatetime":"20180316T134240.102 GMT","pyrelativepositives":50434,"pynegatives":80458,"pyrelativeresponsecount":130892,"pyactivepredictors":11,"pypositives":50434,"pzinskey":"DATA-DECISION-ADM-MODELSNAPSHOT 7BF31AC7-8562-522F-8F95-7D35E3C7A96F!20180316T134232.265 GMT!PMDSM","pytotalpredictors":40,"pxapplication":"PMDSM","pyperformance":0.628112,"pyconfigurationname":"BannerModel","pyresponsecount":130892,"pyrelativenegatives":80458,"pyname":"BMOBILEAPP","pxcommitdatetime":"20180316T134240.214 GMT","pygroup":null,"pyissue":"Retention","pychannel":"Web"}
{"pxobjclass":"Data-Decision-ADM-ModelSnapshot","pyappliestoclass":"Exam-PMDSM-Data-Customer","pysnapshottime":"20180316T134939.916 GMT","pymodelid":"7bf31ac7-8562-522f-8f95-7d35e3c7a96f","pxinsname":"7BF31AC7-8562-522F-8F95-7D35E3C7A96F!20180316T134939.916 GMT!PMDSM","pxsavedatetime":"20180316T134944.339 GMT","pyrelativepositives":64274,"pynegatives":104196,"pyrelativeresponsecount":168470,"pyactivepredictors":10,"pypositives":64274,"pzinskey":"DATA-DECISION-ADM-MODELSNAPSHOT 7BF31AC7-8562-522F-8F95-7D35E3C7A96F!20180316T134939.916 GMT!PMDSM","pytotalpredictors":40,"pxapplication":"PMDSM","pyperformance":0.629123,"pyconfigurationname":"BannerModel","pyresponsecount":168470,"pyrelativenegatives":104196,"pyname":"BMOBILEAPP","pxcommitdatetime":"20180316T134944.447 GMT","pygroup":null,"pyissue":"Retention","pychannel":"Web"}
{"pxobjclass":"Data-Decision-ADM-ModelSnapshot","pyappliestoclass":"Exam-PMDSM-Data-Customer","pysnapshottime":"20180316T134232.265 GMT","pymodelid":"7cf6a839-9eba-5765-8856-1031b1e60315","pxinsname":"7CF6A839-9EBA-5765-8856-1031B1E60315!20180316T134232.265 GMT!PMDSM","pxsavedatetime":"20180316T134239.429 GMT","pyrelativepositives":96,"pynegatives":183,"pyrelativeresponsecount":279,"pyactivepredictors":22,"pypositives":96,"pzinskey":"DATA-DECISION-ADM-MODELSNAPSHOT 7CF6A839-9EBA-5765-8856-1031B1E60315!20180316T134232.265 GMT!PMDSM","pytotalpredictors":40,"pxapplication":"PMDSM","pyperformance":0.556438,"pyconfigurationname":"SalesModel","pyresponsecount":279,"pyrelativenegatives":183,"pyname":"PSDISCOUNT100","pxcommitdatetime":"20180316T134239.680 GMT","pygroup":"Proactive","pyissue":"Sales","pychannel":"E-Mail"}
{"pxobjclass":"Data-Decision-ADM-ModelSnapshot","pyappliestoclass":"Exam-PMDSM-Data-Customer","pysnapshottime":"20180316T134939.916 GMT","pymodelid":"7cf6a839-9eba-5765-8856-1031b1e60315","pxinsname":"7CF6A839-9EBA-5765-8856-1031B1E60315!20180316T134939.916 GMT!PMDSM","pxsavedatetime":"20180316T134944.173 GMT","pyrelativepositives":213,"pynegatives":322,"pyrelativeresponsecount":535,"pyactivepredictors":25,"pypositives":213,"pzinskey":"DATA-DECISION-ADM-MODELSNAPSHOT 7CF6A839-9EBA-5765-8856-1031B1E60315!20180316T134939.916 GMT!PMDSM","pytotalpredictors":40,"pxapplication":"PMDSM","pyperformance":0.568082,"pyconfigurationname":"SalesModel","pyresponsecount":535,"pyrelativenegatives":322,"pyname":"PSDISCOUNT100","pxcommitdatetime":"20180316T134944.256 GMT","pygroup":"Proactive","pyissue":"Sales","pychannel":"E-Mail"}
{"pxobjclass":"Data-Decision-ADM-ModelSnapshot","pyappliestoclass":"Exam-PMDSM-Data-Customer","pysnapshottime":"20180316T134232.265 GMT","pymodelid":"929eaf21-34b2-5f2b-8d70-fed3b37a1f51","pxinsname":"929EAF21-34B2-5F2B-8D70-FED3B37A1F51!20180316T134232.265 GMT!PMDSM","pxsavedatetime":"20180316T134240.183 GMT","pyrelativepositives":5607,"pynegatives":4393,"pyrelativeresponsecount":26390,"pyactivepredictors":14,"pypositives":5607,"pzinskey":"DATA-DECISION-ADM-MODELSNAPSHOT 929EAF21-34B2-5F2B-8D70-FED3B37A1F51!20180316T134232.265 GMT!PMDSM","pytotalpredictors":40,"pxapplication":"PMDSM","pyperformance":0.620887,"pyconfigurationname":"SalesModel","pyresponsecount":26390,"pyrelativenegatives":4393,"pyname":"PSDISCOUNT10","pxcommitdatetime":"20180316T134240.214 GMT","pygroup":"Proactive","pyissue":"Sales","pychannel":"E-Mail"}
{"pxobjclass":"Data-Decision-ADM-ModelSnapshot","pyappliestoclass":"Exam-PMDSM-Data-Customer","pysnapshottime":"20180316T134939.916 GMT","pymodelid":"929eaf21-34b2-5f2b-8d70-fed3b37a1f51","pxinsname":"929EAF21-34B2-5F2B-8D70-FED3B37A1F51!20180316T134939.916 GMT!PMDSM","pxsavedatetime":"20180316T134944.534 GMT","pyrelativepositives":5776,"pynegatives":4224,"pyrelativeresponsecount":28138,"pyactivepredictors":12,"pypositives":5776,"pzinskey":"DATA-DECISION-ADM-MODELSNAPSHOT 929EAF21-34B2-5F2B-8D70-FED3B37A1F51!20180316T134939.916 GMT!PMDSM","pytotalpredictors":40,"pxapplication":"PMDSM","pyperformance":0.629565,"pyconfigurationname":"SalesModel","pyresponsecount":28138,"pyrelativenegatives":4224,"pyname":"PSDISCOUNT10","pxcommitdatetime":"20180316T134944.577 GMT","pygroup":"Proactive","pyissue":"Sales","pychannel":"E-Mail"}
{"pxobjclass":"Data-Decision-ADM-ModelSnapshot","pyappliestoclass":"Exam-PMDSM-Data-Customer","pysnapshottime":"20180316T134232.265 GMT","pymodelid":"9c918350-ed7a-5d4c-9656-7d915320f693","pxinsname":"9C918350-ED7A-5D4C-9656-7D915320F693!20180316T134232.265 GMT!PMDSM","pxsavedatetime":"20180316T134238.992 GMT","pyrelativepositives":6789,"pynegatives":3211,"pyrelativeresponsecount":27022,"pyactivepredictors":12,"pypositives":6789,"pzinskey":"DATA-DECISION-ADM-MODELSNAPSHOT 9C918350-ED7A-5D4C-9656-7D915320F693!20180316T134232.265 GMT!PMDSM","pytotalpredictors":40,"pxapplication":"PMDSM","pyperformance":0.616707,"pyconfigurationname":"SalesModel","pyresponsecount":27022,"pyrelativenegatives":3211,"pyname":"PSEOFFER","pxcommitdatetime":"20180316T134239.680 GMT","pygroup":"Proactive","pyissue":"Sales","pychannel":"E-Mail"}
{"pxobjclass":"Data-Decision-ADM-ModelSnapshot","pyappliestoclass":"Exam-PMDSM-Data-Customer","pysnapshottime":"20180316T134939.916 GMT","pymodelid":"9c918350-ed7a-5d4c-9656-7d915320f693","pxinsname":"9C918350-ED7A-5D4C-9656-7D915320F693!20180316T134939.916 GMT!PMDSM","pxsavedatetime":"20180316T134944.440 GMT","pyrelativepositives":6797,"pynegatives":3203,"pyrelativeresponsecount":34492,"pyactivepredictors":12,"pypositives":6797,"pzinskey":"DATA-DECISION-ADM-MODELSNAPSHOT 9C918350-ED7A-5D4C-9656-7D915320F693!20180316T134939.916 GMT!PMDSM","pytotalpredictors":40,"pxapplication":"PMDSM","pyperformance":0.61795,"pyconfigurationname":"SalesModel","pyresponsecount":34492,"pyrelativenegatives":3203,"pyname":"PSEOFFER","pxcommitdatetime":"20180316T134944.447 GMT","pygroup":"Proactive","pyissue":"Sales","pychannel":"E-Mail"}
{"pxobjclass":"Data-Decision-ADM-ModelSnapshot","pyappliestoclass":"Exam-PMDSM-Data-Customer","pysnapshottime":"20180316T134232.265 GMT","pymodelid":"aaa8eccf-c8a7-5966-a480-b6935a91a86e","pxinsname":"AAA8ECCF-C8A7-5966-A480-B6935A91A86E!20180316T134232.265 GMT!PMDSM","pxsavedatetime":"20180316T134240.091 GMT","pyrelativepositives":14644,"pynegatives":11746,"pyrelativeresponsecount":26390,"pyactivepredictors":1,"pypositives":14644,"pzinskey":"DATA-DECISION-ADM-MODELSNAPSHOT AAA8ECCF-C8A7-5966-A480-B6935A91A86E!20180316T134232.265 GMT!PMDSM","pytotalpredictors":2,"pxapplication":"PMDSM","pyperformance":0.57909,"pyconfigurationname":"VerySimpleSalesModel","pyresponsecount":26390,"pyrelativenegatives":11746,"pyname":"PSDISCOUNT10","pxcommitdatetime":"20180316T134240.214 GMT","pygroup":"Proactive","pyissue":"Sales","pychannel":"Web"}
{"pxobjclass":"Data-Decision-ADM-ModelSnapshot","pyappliestoclass":"Exam-PMDSM-Data-Customer","pysnapshottime":"20180316T134939.916 GMT","pymodelid":"aaa8eccf-c8a7-5966-a480-b6935a91a86e","pxinsname":"AAA8ECCF-C8A7-5966-A480-B6935A91A86E!20180316T134939.916 GMT!PMDSM","pxsavedatetime":"20180316T134944.228 GMT","pyrelativepositives":15807,"pynegatives":12331,"pyrelativeresponsecount":28138,"pyactivepredictors":1,"pypositives":15807,"pzinskey":"DATA-DECISION-ADM-MODELSNAPSHOT AAA8ECCF-C8A7-5966-A480-B6935A91A86E!20180316T134939.916 GMT!PMDSM","pytotalpredictors":2,"pxapplication":"PMDSM","pyperformance":0.583249,"pyconfigurationname":"VerySimpleSalesModel","pyresponsecount":28138,"pyrelativenegatives":12331,"pyname":"PSDISCOUNT10","pxcommitdatetime":"20180316T134944.256 GMT","pygroup":"Proactive","pyissue":"Sales","pychannel":"Web"}
{"pxobjclass":"Data-Decision-ADM-ModelSnapshot","pyappliestoclass":"Exam-PMDSM-Data-Customer","pysnapshottime":"20180316T134232.265 GMT","pymodelid":"b4e32dca-f9e2-5070-bfb0-7280fac39509","pxinsname":"B4E32DCA-F9E2-5070-BFB0-7280FAC39509!20180316T134232.265 GMT!PMDSM","pxsavedatetime":"20180316T134240.322 GMT","pyrelativepositives":92,"pynegatives":170,"pyrelativeresponsecount":262,"pyactivepredictors":21,"pypositives":92,"pzinskey":"DATA-DECISION-ADM-MODELSNAPSHOT B4E32DCA-F9E2-5070-BFB0-7280FAC39509!20180316T134232.265 GMT!PMDSM","pytotalpredictors":40,"pxapplication":"PMDSM","pyperformance":0.544661,"pyconfigurationname":"SalesModel","pyresponsecount":262,"pyrelativenegatives":170,"pyname":"PSFAMDISCNT","pxcommitdatetime":"20180316T134240.416 GMT","pygroup":"Proactive","pyissue":"Sales","pychannel":"E-Mail"}
{"pxobjclass":"Data-Decision-ADM-ModelSnapshot","pyappliestoclass":"Exam-PMDSM-Data-Customer","pysnapshottime":"20180316T134939.916 GMT","pymodelid":"b4e32dca-f9e2-5070-bfb0-7280fac39509","pxinsname":"B4E32DCA-F9E2-5070-BFB0-7280FAC39509!20180316T134939.916 GMT!PMDSM","pxsavedatetime":"20180316T134944.396 GMT","pyrelativepositives":92,"pynegatives":170,"pyrelativeresponsecount":262,"pyactivepredictors":21,"pypositives":92,"pzinskey":"DATA-DECISION-ADM-MODELSNAPSHOT B4E32DCA-F9E2-5070-BFB0-7280FAC39509!20180316T134939.916 GMT!PMDSM","pytotalpredictors":40,"pxapplication":"PMDSM","pyperformance":0.544661,"pyconfigurationname":"SalesModel","pyresponsecount":262,"pyrelativenegatives":170,"pyname":"PSFAMDISCNT","pxcommitdatetime":"20180316T134944.447 GMT","pygroup":"Proactive","pyissue":"Sales","pychannel":"E-Mail"}
{"pxobjclass":"Data-Decision-ADM-ModelSnapshot","pyappliestoclass":"Exam-PMDSM-Data-Customer","pysnapshottime":"20180316T134232.265 GMT","pymodelid":"f1801bae-88ce-5722-bef2-f05bb78d9be2","pxinsname":"F1801BAE-88CE-5722-BEF2-F05BB78D9BE2!20180316T134232.265 GMT!PMDSM","pxsavedatetime":"20180316T134240.005 GMT","pyrelativepositives":3043,"pynegatives":1716,"pyrelativeresponsecount":4759,"pyactivepredictors":1,"pypositives":3043,"pzinskey":"DATA-DECISION-ADM-MODELSNAPSHOT F1801BAE-88CE-5722-BEF2-F05BB78D9BE2!20180316T134232.265 GMT!PMDSM","pytotalpredictors":2,"pxapplication":"PMDSM","pyperformance":0.527709,"pyconfigurationname":"VerySimpleSalesModel","pyresponsecount":4759,"pyrelativenegatives":1716,"pyname":"PSEXTCONTR","pxcommitdatetime":"20180316T134240.214 GMT","pygroup":"Proactive","pyissue":"Sales","pychannel":"E-Mail"}
{"pxobjclass":"Data-Decision-ADM-ModelSnapshot","pyappliestoclass":"Exam-PMDSM-Data-Customer","pysnapshottime":"20180316T134939.916 GMT","pymodelid":"f1801bae-88ce-5722-bef2-f05bb78d9be2","pxinsname":"F1801BAE-88CE-5722-BEF2-F05BB78D9BE2!20180316T134939.916 GMT!PMDSM","pxsavedatetime":"20180316T134944.238 GMT","pyrelativepositives":6526,"pynegatives":3605,"pyrelativeresponsecount":10131,"pyactivepredictors":1,"pypositives":6526,"pzinskey":"DATA-DECISION-ADM-MODELSNAPSHOT F1801BAE-88CE-5722-BEF2-F05BB78D9BE2!20180316T134939.916 GMT!PMDSM","pytotalpredictors":2,"pxapplication":"PMDSM","pyperformance":0.520998,"pyconfigurationname":"VerySimpleSalesModel","pyresponsecount":10131,"pyrelativenegatives":3605,"pyname":"PSEXTCONTR","pxcommitdatetime":"20180316T134944.256 GMT","pygroup":"Proactive","pyissue":"Sales","pychannel":"E-Mail"}
