{"pxObjClass":"PegaAES-Data-CDHSnapshot-BizPerf-ImpactAnalyzer-Daily","pxResults":[{"PlatformVersion":"08-24-54","pxObjClass":"PegaAES-Data-CDHSnapshot-Aggregate","ProductionLevel":"5","SnapshotTime":"2025-07-06T13:30:08.719Z","DeploymentTopology":"true","ClusterName":"lmms-cloudprod","CustomerID":"PegaLMMS","pxResults":[{"Heading":"Lift analysis not available for the selected timeframe and context","EngagementLiftInterval":0.0,"Accepts_Control":0,"IsActive":false,"ConfidenceLevel":"","SnapshotTime":"1970-01-01T00:00:00.000Z","ExperimentName":"NBAHealth_EngagementPolicy","AcceptRate_Control":0.0,"RunType":"Impact Analyzer","ApplicationStack":"LMMS","AcceptRate_NBA":0.0,"KeyIdentifier":"NBAHealth_EngagementPolicy!Email!Yesterday","IsSignificant":false,"LastDataReceived":"Yesterday","ExperimentLabel":"How is Next-Best-Action performing against applying only eligibility criteria?","AggregationFrequency":"Daily","ActionValuePerImp_NBA":0.0,"pzInsKey":"PEGAAES-DATA-CDHSNAPSHOT-BIZPERF-IMPACTANALYZER-DAILY LMMS-CLOUDPROD!19700101T000000.000 GMT!LMMS!IMPACT ANALYZER!NBAHEALTH_ENGAGEMENTPOLICY!EMAIL!YESTERDAY","Accepts_NBA":980,"Guidance":"Unable to calculate value and engagement lift because the test and or/control group does not have any clicks or accepts","pxObjClass":"PegaAES-Data-CDHSnapshot-BizPerf-ImpactAnalyzer-Daily","Impressions_Control":0,"Impressions_NBA":10013,"Type":"Impact Analyzer","ChannelName":"Email","ActionValuePerImp_Control":0.0,"ValueLift":0E-9,"EngagementLift":0E-9,"ExperimentColor":"Gray","ValueLiftInterval":0.0},{"Heading":"Lift analysis not available for the selected timeframe and context","EngagementLiftInterval":0.0,"Accepts_Control":19,"IsActive":true,"ConfidenceLevel":"","SnapshotTime":"1970-01-01T00:00:00.000Z","ExperimentName":"NBAHealth_ModelControl","AcceptRate_Control":0.0,"RunType":"Impact Analyzer","ApplicationStack":"LMMS","AcceptRate_NBA":0.0,"KeyIdentifier":"NBAHealth_ModelControl!Email!Yesterday","IsSignificant":false,"LastDataReceived":"Yesterday","ExperimentLabel":"How is adaptive model propensity performing against a random propensity?","AggregationFrequency":"Daily","pzInsKey":"PEGAAES-DATA-CDHSNAPSHOT-BIZPERF-IMPACTANALYZER-DAILY LMMS-CLOUDPROD!19700101T000000.000 GMT!LMMS!IMPACT ANALYZER!NBAHEALTH_MODELCONTROL!EMAIL!YESTERDAY","ActionValuePerImp_NBA":0.0,"Accepts_NBA":0,"Guidance":"Unable to calculate value and engagement lift because the test and or/control group does not have any clicks or accepts","pxObjClass":"PegaAES-Data-CDHSnapshot-BizPerf-ImpactAnalyzer-Daily","Impressions_NBA":74,"Impressions_Control":41,"Type":"Impact Analyzer","ChannelName":"Email","ValueLift":0E-9,"ActionValuePerImp_Control":0.0,"EngagementLift":-1.000000000,"ExperimentColor":"Gray","ValueLiftInterval":0.0},{"Heading":"Lift analysis not available for the selected timeframe and context","EngagementLiftInterval":0.0,"IsActive":true,"Accepts_Control":19,"ConfidenceLevel":"","SnapshotTime":"1970-01-01T00:00:00.000Z","ExperimentName":"NBAHealth_ModelControl","AcceptRate_Control":0.0,"RunType":"Impact Analyzer","ApplicationStack":"LMMS","AcceptRate_NBA":0.0,"KeyIdentifier":"NBAHealth_ModelControl!All channels!Yesterday","IsSignificant":false,"LastDataReceived":"Yesterday","ExperimentLabel":"How is adaptive model propensity performing against a random propensity?","AggregationFrequency":"Daily","ActionValuePerImp_NBA":0.0,"pzInsKey":"PEGAAES-DATA-CDHSNAPSHOT-BIZPERF-IMPACTANALYZER-DAILY LMMS-CLOUDPROD!19700101T000000.000 GMT!LMMS!IMPACT ANALYZER!NBAHEALTH_MODELCONTROL!ALL CHANNELS!YESTERDAY","Accepts_NBA":0,"Guidance":"Unable to calculate value and engagement lift because the test and or/control group does not have any clicks or accepts","pxObjClass":"PegaAES-Data-CDHSnapshot-BizPerf-ImpactAnalyzer-Daily","Impressions_Control":50,"Impressions_NBA":74,"Type":"Impact Analyzer","ChannelName":"All channels","ValueLift":0E-9,"ActionValuePerImp_Control":0.0,"EngagementLift":-1.000000000,"ValueLiftInterval":0.0,"ExperimentColor":"Gray"},{"Heading":"There may be opportunities to improve customer engagement.","EngagementLiftInterval":0.45,"IsActive":true,"Accepts_Control":11,"ConfidenceLevel":"","SnapshotTime":"1970-01-01T00:00:00.000Z","ExperimentName":"NBAHealth_NBAPrioritization","AcceptRate_Control":0.0,"RunType":"Impact Analyzer","ApplicationStack":"LMMS","AcceptRate_NBA":0.0,"KeyIdentifier":"NBAHealth_NBAPrioritization!All channels!Yesterday","LastDataReceived":"Yesterday","IsSignificant":false,"ExperimentLabel":"How is Next-Best-Action performing against a random relevant action?","AggregationFrequency":"Daily","pzInsKey":"PEGAAES-DATA-CDHSNAPSHOT-BIZPERF-IMPACTANALYZER-DAILY LMMS-CLOUDPROD!19700101T000000.000 GMT!LMMS!IMPACT ANALYZER!NBAHEALTH_NBAPRIORITIZATION!ALL CHANNELS!YESTERDAY","ActionValuePerImp_NBA":0.0,"Accepts_NBA":980,"pxObjClass":"PegaAES-Data-CDHSnapshot-BizPerf-ImpactAnalyzer-Daily","Guidance":"Reduce business weights/levers and action values to let NBA optimize your overall customer engagement.","Impressions_Control":108,"Impressions_NBA":12092,"Type":"Impact Analyzer","ChannelName":"All channels","ValueLift":0E-9,"ActionValuePerImp_Control":0.0,"EngagementLift":-0.204282321,"ExperimentColor":"Yellow","ValueLiftInterval":0.0},{"Heading":"Your models might not be performing as expected.","EngagementLiftInterval":0.39,"IsActive":true,"Accepts_Control":13,"ConfidenceLevel":"","SnapshotTime":"1970-01-01T00:00:00.000Z","ExperimentName":"NBAHealth_LeverPriority","AcceptRate_Control":0.0,"RunType":"Impact Analyzer","ApplicationStack":"LMMS","AcceptRate_NBA":0.0,"KeyIdentifier":"NBAHealth_LeverPriority!Email!Yesterday","IsSignificant":false,"LastDataReceived":"Yesterday","ExperimentLabel":"How is Next-Best-Action performing against arbitrating with no levers?","AggregationFrequency":"Daily","pzInsKey":"PEGAAES-DATA-CDHSNAPSHOT-BIZPERF-IMPACTANALYZER-DAILY LMMS-CLOUDPROD!19700101T000000.000 GMT!LMMS!IMPACT ANALYZER!NBAHEALTH_LEVERPRIORITY!EMAIL!YESTERDAY","ActionValuePerImp_NBA":0.0,"Accepts_NBA":980,"Guidance":"Check “Performance of AI” test and review models in Prediction Studio","pxObjClass":"PegaAES-Data-CDHSnapshot-BizPerf-ImpactAnalyzer-Daily","Impressions_NBA":10013,"Impressions_Control":101,"Type":"Impact Analyzer","ChannelName":"Email","ValueLift":0E-9,"ActionValuePerImp_Control":0.0,"EngagementLift":-0.239603900,"ValueLiftInterval":0.0,"ExperimentColor":"Red"},{"Heading":"Lift analysis not available for the selected timeframe and context","Accepts_Control":0,"IsActive":true,"EngagementLiftInterval":0.0,"ConfidenceLevel":"","SnapshotTime":"1970-01-01T00:00:00.000Z","ExperimentName":"NBAHealth_LeverPriority","AcceptRate_Control":0.0,"RunType":"Impact Analyzer","ApplicationStack":"LMMS","AcceptRate_NBA":0.0,"KeyIdentifier":"NBAHealth_LeverPriority!Web!Yesterday","IsSignificant":false,"LastDataReceived":"Yesterday","ExperimentLabel":"How is Next-Best-Action performing against arbitrating with no levers?","AggregationFrequency":"Daily","ActionValuePerImp_NBA":0.0,"pzInsKey":"PEGAAES-DATA-CDHSNAPSHOT-BIZPERF-IMPACTANALYZER-DAILY LMMS-CLOUDPROD!19700101T000000.000 GMT!LMMS!IMPACT ANALYZER!NBAHEALTH_LEVERPRIORITY!WEB!YESTERDAY","Accepts_NBA":0,"Guidance":"Unable to calculate value and engagement lift because the test and or/control group does not have any clicks or accepts","pxObjClass":"PegaAES-Data-CDHSnapshot-BizPerf-ImpactAnalyzer-Daily","Impressions_Control":9,"Impressions_NBA":2079,"Type":"Impact Analyzer","ChannelName":"Web","ValueLift":0E-9,"ActionValuePerImp_Control":0.0,"EngagementLift":0E-9,"ValueLiftInterval":0.0,"ExperimentColor":"Gray"},{"Heading":"Your models might not be performing as expected.","EngagementLiftInterval":0.35,"Accepts_Control":13,"IsActive":true,"ConfidenceLevel":"","SnapshotTime":"1970-01-01T00:00:00.000Z","ExperimentName":"NBAHealth_LeverPriority","AcceptRate_Control":0.0,"RunType":"Impact Analyzer","ApplicationStack":"LMMS","AcceptRate_NBA":0.0,"KeyIdentifier":"NBAHealth_LeverPriority!All channels!Yesterday","LastDataReceived":"Yesterday","IsSignificant":false,"ExperimentLabel":"How is Next-Best-Action performing against arbitrating with no levers?","AggregationFrequency":"Daily","ActionValuePerImp_NBA":0.0,"pzInsKey":"PEGAAES-DATA-CDHSNAPSHOT-BIZPERF-IMPACTANALYZER-DAILY LMMS-CLOUDPROD!19700101T000000.000 GMT!LMMS!IMPACT ANALYZER!NBAHEALTH_LEVERPRIORITY!ALL CHANNELS!YESTERDAY","Accepts_NBA":980,"pxObjClass":"PegaAES-Data-CDHSnapshot-BizPerf-ImpactAnalyzer-Daily","Guidance":"Check “Performance of AI” test and review models in Prediction Studio","Impressions_NBA":12092,"Impressions_Control":110,"Type":"Impact Analyzer","ChannelName":"All channels","ActionValuePerImp_Control":0.0,"ValueLift":0E-9,"EngagementLift":-0.314231915,"ExperimentColor":"Red","ValueLiftInterval":0.0},{"Heading":"Lift analysis not available for the selected timeframe and context","IsActive":true,"EngagementLiftInterval":0.0,"Accepts_Control":0,"ConfidenceLevel":"","SnapshotTime":"1970-01-01T00:00:00.000Z","ExperimentName":"NBAHealth_PropensityPriority","AcceptRate_Control":0.0,"RunType":"Impact Analyzer","ApplicationStack":"LMMS","AcceptRate_NBA":0.0,"KeyIdentifier":"NBAHealth_PropensityPriority!All channels!Yesterday","IsSignificant":false,"LastDataReceived":"Yesterday","ExperimentLabel":"How is Next-Best-Action performing against arbitrating by propensity-only?","AggregationFrequency":"Daily","pzInsKey":"PEGAAES-DATA-CDHSNAPSHOT-BIZPERF-IMPACTANALYZER-DAILY LMMS-CLOUDPROD!19700101T000000.000 GMT!LMMS!IMPACT ANALYZER!NBAHEALTH_PROPENSITYPRIORITY!ALL CHANNELS!YESTERDAY","ActionValuePerImp_NBA":0.0,"Accepts_NBA":980,"pxObjClass":"PegaAES-Data-CDHSnapshot-BizPerf-ImpactAnalyzer-Daily","Guidance":"Unable to calculate value and engagement lift because the test and or/control group does not have any clicks or accepts","Impressions_Control":123,"Impressions_NBA":12092,"Type":"Impact Analyzer","ChannelName":"All channels","ActionValuePerImp_Control":0.0,"ValueLift":0E-9,"EngagementLift":0E-9,"ExperimentColor":"Gray","ValueLiftInterval":0.0},{"Heading":"There may be opportunities to improve customer engagement.","EngagementLiftInterval":0.4,"IsActive":true,"Accepts_Control":11,"ConfidenceLevel":"","SnapshotTime":"1970-01-01T00:00:00.000Z","ExperimentName":"NBAHealth_NBAPrioritization","AcceptRate_Control":0.0,"RunType":"Impact Analyzer","ApplicationStack":"LMMS","AcceptRate_NBA":0.0,"KeyIdentifier":"NBAHealth_NBAPrioritization!Email!Yesterday","IsSignificant":false,"LastDataReceived":"Yesterday","ExperimentLabel":"How is Next-Best-Action performing against a random relevant action?","AggregationFrequency":"Daily","pzInsKey":"PEGAAES-DATA-CDHSNAPSHOT-BIZPERF-IMPACTANALYZER-DAILY LMMS-CLOUDPROD!19700101T000000.000 GMT!LMMS!IMPACT ANALYZER!NBAHEALTH_NBAPRIORITIZATION!EMAIL!YESTERDAY","ActionValuePerImp_NBA":0.0,"Accepts_NBA":980,"Guidance":"Reduce business weights/levers and action values to let NBA optimize your overall customer engagement.","pxObjClass":"PegaAES-Data-CDHSnapshot-BizPerf-ImpactAnalyzer-Daily","Impressions_Control":82,"Impressions_NBA":10013,"Type":"Impact Analyzer","ChannelName":"Email","ActionValuePerImp_Control":0.0,"ValueLift":0E-9,"EngagementLift":-0.270403022,"ValueLiftInterval":0.0,"ExperimentColor":"Yellow"},{"Heading":"Lift analysis not available for the selected timeframe and context","IsActive":false,"Accepts_Control":0,"EngagementLiftInterval":0.0,"ConfidenceLevel":"","SnapshotTime":"1970-01-01T00:00:00.000Z","ExperimentName":"NBAHealth_EngagementPolicy","AcceptRate_Control":0.0,"RunType":"Impact Analyzer","ApplicationStack":"LMMS","AcceptRate_NBA":0.0,"KeyIdentifier":"NBAHealth_EngagementPolicy!All channels!Yesterday","IsSignificant":false,"LastDataReceived":"Yesterday","ExperimentLabel":"How is Next-Best-Action performing against applying only eligibility criteria?","AggregationFrequency":"Daily","pzInsKey":"PEGAAES-DATA-CDHSNAPSHOT-BIZPERF-IMPACTANALYZER-DAILY LMMS-CLOUDPROD!19700101T000000.000 GMT!LMMS!IMPACT ANALYZER!NBAHEALTH_ENGAGEMENTPOLICY!ALL CHANNELS!YESTERDAY","ActionValuePerImp_NBA":0.0,"Accepts_NBA":980,"pxObjClass":"PegaAES-Data-CDHSnapshot-BizPerf-ImpactAnalyzer-Daily","Guidance":"Unable to calculate value and engagement lift because the test and or/control group does not have any clicks or accepts","Impressions_Control":0,"Impressions_NBA":12092,"Type":"Impact Analyzer","ChannelName":"All channels","ValueLift":0E-9,"ActionValuePerImp_Control":0.0,"EngagementLift":0E-9,"ExperimentColor":"Gray","ValueLiftInterval":0.0},{"Heading":"Lift analysis not available for the selected timeframe and context","EngagementLiftInterval":0.0,"IsActive":true,"Accepts_Control":0,"ConfidenceLevel":"","SnapshotTime":"1970-01-01T00:00:00.000Z","ExperimentName":"NBAHealth_NBAPrioritization","AcceptRate_Control":0.0,"RunType":"Impact Analyzer","ApplicationStack":"LMMS","AcceptRate_NBA":0.0,"KeyIdentifier":"NBAHealth_NBAPrioritization!Web!Yesterday","LastDataReceived":"Yesterday","IsSignificant":false,"ExperimentLabel":"How is Next-Best-Action performing against a random relevant action?","AggregationFrequency":"Daily","ActionValuePerImp_NBA":0.0,"pzInsKey":"PEGAAES-DATA-CDHSNAPSHOT-BIZPERF-IMPACTANALYZER-DAILY LMMS-CLOUDPROD!19700101T000000.000 GMT!LMMS!IMPACT ANALYZER!NBAHEALTH_NBAPRIORITIZATION!WEB!YESTERDAY","Accepts_NBA":0,"pxObjClass":"PegaAES-Data-CDHSnapshot-BizPerf-ImpactAnalyzer-Daily","Guidance":"Unable to calculate value and engagement lift because the test and or/control group does not have any clicks or accepts","Impressions_Control":26,"Impressions_NBA":2079,"Type":"Impact Analyzer","ChannelName":"Web","ValueLift":0E-9,"ActionValuePerImp_Control":0.0,"EngagementLift":0E-9,"ExperimentColor":"Gray","ValueLiftInterval":0.0},{"Heading":"Lift analysis not available for the selected timeframe and context","Accepts_Control":0,"EngagementLiftInterval":0.0,"IsActive":true,"ConfidenceLevel":"","SnapshotTime":"1970-01-01T00:00:00.000Z","ExperimentName":"NBAHealth_PropensityPriority","AcceptRate_Control":0.0,"RunType":"Impact Analyzer","ApplicationStack":"LMMS","AcceptRate_NBA":0.0,"KeyIdentifier":"NBAHealth_PropensityPriority!Web!Yesterday","IsSignificant":false,"LastDataReceived":"Yesterday","ExperimentLabel":"How is Next-Best-Action performing against arbitrating by propensity-only?","AggregationFrequency":"Daily","ActionValuePerImp_NBA":0.0,"pzInsKey":"PEGAAES-DATA-CDHSNAPSHOT-BIZPERF-IMPACTANALYZER-DAILY LMMS-CLOUDPROD!19700101T000000.000 GMT!LMMS!IMPACT ANALYZER!NBAHEALTH_PROPENSITYPRIORITY!WEB!YESTERDAY","Accepts_NBA":0,"Guidance":"Unable to calculate value and engagement lift because the test and or/control group does not have any clicks or accepts","pxObjClass":"PegaAES-Data-CDHSnapshot-BizPerf-ImpactAnalyzer-Daily","Impressions_Control":30,"Impressions_NBA":2079,"Type":"Impact Analyzer","ChannelName":"Web","ActionValuePerImp_Control":0.0,"ValueLift":0E-9,"EngagementLift":0E-9,"ValueLiftInterval":0.0,"ExperimentColor":"Gray"},{"Heading":"Lift analysis not available for the selected timeframe and context","EngagementLiftInterval":0.0,"Accepts_Control":0,"IsActive":true,"ConfidenceLevel":"","SnapshotTime":"1970-01-01T00:00:00.000Z","ExperimentName":"NBAHealth_PropensityPriority","AcceptRate_Control":0.0,"RunType":"Impact Analyzer","ApplicationStack":"LMMS","AcceptRate_NBA":0.0,"KeyIdentifier":"NBAHealth_PropensityPriority!Email!Yesterday","LastDataReceived":"Yesterday","IsSignificant":false,"ExperimentLabel":"How is Next-Best-Action performing against arbitrating by propensity-only?","AggregationFrequency":"Daily","ActionValuePerImp_NBA":0.0,"pzInsKey":"PEGAAES-DATA-CDHSNAPSHOT-BIZPERF-IMPACTANALYZER-DAILY LMMS-CLOUDPROD!19700101T000000.000 GMT!LMMS!IMPACT ANALYZER!NBAHEALTH_PROPENSITYPRIORITY!EMAIL!YESTERDAY","Accepts_NBA":980,"pxObjClass":"PegaAES-Data-CDHSnapshot-BizPerf-ImpactAnalyzer-Daily","Guidance":"Unable to calculate value and engagement lift because the test and or/control group does not have any clicks or accepts","Impressions_NBA":10013,"Impressions_Control":93,"Type":"Impact Analyzer","ChannelName":"Email","ActionValuePerImp_Control":0.0,"ValueLift":0E-9,"EngagementLift":0E-9,"ExperimentColor":"Gray","ValueLiftInterval":0.0},{"Heading":"Lift analysis not available for the selected timeframe and context","IsActive":false,"EngagementLiftInterval":0.0,"Accepts_Control":0,"ConfidenceLevel":"","SnapshotTime":"1970-01-01T00:00:00.000Z","ExperimentName":"NBAHealth_EngagementPolicy","AcceptRate_Control":0.0,"RunType":"Impact Analyzer","ApplicationStack":"LMMS","AcceptRate_NBA":0.0,"KeyIdentifier":"NBAHealth_EngagementPolicy!Web!Yesterday","IsSignificant":false,"LastDataReceived":"Yesterday","ExperimentLabel":"How is Next-Best-Action performing against applying only eligibility criteria?","AggregationFrequency":"Daily","pzInsKey":"PEGAAES-DATA-CDHSNAPSHOT-BIZPERF-IMPACTANALYZER-DAILY LMMS-CLOUDPROD!19700101T000000.000 GMT!LMMS!IMPACT ANALYZER!NBAHEALTH_ENGAGEMENTPOLICY!WEB!YESTERDAY","ActionValuePerImp_NBA":0.0,"Accepts_NBA":0,"pxObjClass":"PegaAES-Data-CDHSnapshot-BizPerf-ImpactAnalyzer-Daily","Guidance":"Unable to calculate value and engagement lift because the test and or/control group does not have any clicks or accepts","Impressions_Control":0,"Impressions_NBA":2079,"Type":"Impact Analyzer","ChannelName":"Web","ValueLift":0E-9,"ActionValuePerImp_Control":0.0,"EngagementLift":0E-9,"ValueLiftInterval":0.0,"ExperimentColor":"Gray"},{"Heading":"Lift analysis not available for the selected timeframe and context","IsActive":true,"EngagementLiftInterval":0.0,"Accepts_Control":0,"ConfidenceLevel":"","SnapshotTime":"1970-01-01T00:00:00.000Z","ExperimentName":"NBAHealth_ModelControl","AcceptRate_Control":0.0,"RunType":"Impact Analyzer","ApplicationStack":"LMMS","AcceptRate_NBA":0.0,"KeyIdentifier":"NBAHealth_ModelControl!Web!Yesterday","LastDataReceived":"Yesterday","IsSignificant":false,"ExperimentLabel":"How is adaptive model propensity performing against a random propensity?","AggregationFrequency":"Daily","pzInsKey":"PEGAAES-DATA-CDHSNAPSHOT-BIZPERF-IMPACTANALYZER-DAILY LMMS-CLOUDPROD!19700101T000000.000 GMT!LMMS!IMPACT ANALYZER!NBAHEALTH_MODELCONTROL!WEB!YESTERDAY","ActionValuePerImp_NBA":0.0,"Accepts_NBA":0,"pxObjClass":"PegaAES-Data-CDHSnapshot-BizPerf-ImpactAnalyzer-Daily","Guidance":"Unable to calculate value and engagement lift because the test and or/control group does not have any clicks or accepts","Impressions_Control":9,"Impressions_NBA":0,"Type":"Impact Analyzer","ChannelName":"Web","ActionValuePerImp_Control":0.0,"ValueLift":0E-9,"EngagementLift":0E-9,"ExperimentColor":"Gray","ValueLiftInterval":0.0}]}]}