{"pxObjClass":"PegaAES-Data-CDHSnapshot-BizPerf-ImpactAnalyzer-Daily","pxResults":[{"PlatformVersion":"08-24-53","pxObjClass":"PegaAES-Data-CDHSnapshot-Aggregate","ProductionLevel":"5","SnapshotTime":"2025-06-04T13:30:14.913Z","DeploymentTopology":"true","ClusterName":"lmms-cloudprod","CustomerID":"PegaLMMS","pxResults":[{"Heading":"Lift analysis not available for the selected timeframe and context","Accepts_Control":0,"EngagementLiftInterval":0.0,"IsActive":false,"ConfidenceLevel":"","SnapshotTime":"1970-01-01T00:00:00.000Z","ExperimentName":"NBAHealth_EngagementPolicy","AcceptRate_Control":0.0,"RunType":"Impact Analyzer","ApplicationStack":"LMMS","AcceptRate_NBA":0.0,"KeyIdentifier":"NBAHealth_EngagementPolicy!All channels!Yesterday","IsSignificant":false,"LastDataReceived":"Yesterday","ExperimentLabel":"How is Next-Best-Action performing against applying only eligibility criteria?","AggregationFrequency":"Daily","ActionValuePerImp_NBA":0.0,"pzInsKey":"PEGAAES-DATA-CDHSNAPSHOT-BIZPERF-IMPACTANALYZER-DAILY LMMS-CLOUDPROD!19700101T000000.000 GMT!LMMS!IMPACT ANALYZER!NBAHEALTH_ENGAGEMENTPOLICY!ALL CHANNELS!YESTERDAY","Accepts_NBA":449,"pxObjClass":"PegaAES-Data-CDHSnapshot-BizPerf-ImpactAnalyzer-Daily","Guidance":"Unable to calculate value and engagement lift because the test and or/control group does not have any clicks or accepts","Impressions_NBA":15341,"Impressions_Control":0,"Type":"Impact Analyzer","ChannelName":"All channels","ActionValuePerImp_Control":0.0,"ValueLift":0E-9,"EngagementLift":0E-9,"ValueLiftInterval":0.0,"ExperimentColor":"Gray"},{"Heading":"Your models might not be performing as expected.","EngagementLiftInterval":0.46,"Accepts_Control":8,"IsActive":true,"ConfidenceLevel":"","SnapshotTime":"1970-01-01T00:00:00.000Z","ExperimentName":"NBAHealth_LeverPriority","AcceptRate_Control":0.0,"RunType":"Impact Analyzer","ApplicationStack":"LMMS","AcceptRate_NBA":0.0,"KeyIdentifier":"NBAHealth_LeverPriority!All channels!Yesterday","LastDataReceived":"Yesterday","IsSignificant":false,"ExperimentLabel":"How is Next-Best-Action performing against arbitrating with no levers?","AggregationFrequency":"Daily","pzInsKey":"PEGAAES-DATA-CDHSNAPSHOT-BIZPERF-IMPACTANALYZER-DAILY LMMS-CLOUDPROD!19700101T000000.000 GMT!LMMS!IMPACT ANALYZER!NBAHEALTH_LEVERPRIORITY!ALL CHANNELS!YESTERDAY","ActionValuePerImp_NBA":0.0,"Accepts_NBA":449,"Guidance":"Check “Performance of AI” test and review models in Prediction Studio","pxObjClass":"PegaAES-Data-CDHSnapshot-BizPerf-ImpactAnalyzer-Daily","Impressions_Control":182,"Impressions_NBA":15341,"Type":"Impact Analyzer","ChannelName":"All channels","ValueLift":0E-9,"ActionValuePerImp_Control":0.0,"EngagementLift":-0.334153576,"ExperimentColor":"Red","ValueLiftInterval":0.0},{"Heading":"Your models might not be performing as expected.","Accepts_Control":3,"EngagementLiftInterval":0.6,"IsActive":true,"ConfidenceLevel":"","SnapshotTime":"1970-01-01T00:00:00.000Z","ExperimentName":"NBAHealth_ModelControl","AcceptRate_Control":0.0,"RunType":"Impact Analyzer","ApplicationStack":"LMMS","AcceptRate_NBA":0.0,"KeyIdentifier":"NBAHealth_ModelControl!All channels!Yesterday","IsSignificant":false,"LastDataReceived":"Yesterday","ExperimentLabel":"How is adaptive model propensity performing against a random propensity?","AggregationFrequency":"Daily","pzInsKey":"PEGAAES-DATA-CDHSNAPSHOT-BIZPERF-IMPACTANALYZER-DAILY LMMS-CLOUDPROD!19700101T000000.000 GMT!LMMS!IMPACT ANALYZER!NBAHEALTH_MODELCONTROL!ALL CHANNELS!YESTERDAY","ActionValuePerImp_NBA":0.0,"Accepts_NBA":2,"pxObjClass":"PegaAES-Data-CDHSnapshot-BizPerf-ImpactAnalyzer-Daily","Guidance":"Review models in Prediction Studio.","Impressions_Control":42,"Impressions_NBA":81,"Type":"Impact Analyzer","ChannelName":"All channels","ValueLift":0E-9,"ActionValuePerImp_Control":0.0,"EngagementLift":-0.654320988,"ExperimentColor":"Red","ValueLiftInterval":0.0},{"Heading":"Well done. Next-Best-Action is delivering value and engagement lift.","Accepts_Control":1,"EngagementLiftInterval":10.77,"IsActive":true,"ConfidenceLevel":"","SnapshotTime":"1970-01-01T00:00:00.000Z","ExperimentName":"NBAHealth_NBAPrioritization","AcceptRate_Control":0.0,"RunType":"Impact Analyzer","ApplicationStack":"LMMS","AcceptRate_NBA":0.0,"KeyIdentifier":"NBAHealth_NBAPrioritization!All channels!Yesterday","LastDataReceived":"Yesterday","IsSignificant":false,"ExperimentLabel":"How is Next-Best-Action performing against a random relevant action?","AggregationFrequency":"Daily","pzInsKey":"PEGAAES-DATA-CDHSNAPSHOT-BIZPERF-IMPACTANALYZER-DAILY LMMS-CLOUDPROD!19700101T000000.000 GMT!LMMS!IMPACT ANALYZER!NBAHEALTH_NBAPRIORITIZATION!ALL CHANNELS!YESTERDAY","ActionValuePerImp_NBA":0.0,"Accepts_NBA":449,"Guidance":"Nothing specific to do right now. Continue to monitor.","pxObjClass":"PegaAES-Data-CDHSnapshot-BizPerf-ImpactAnalyzer-Daily","Impressions_Control":188,"Impressions_NBA":15341,"Type":"Impact Analyzer","ChannelName":"All channels","ValueLift":0E-9,"ActionValuePerImp_Control":0.0,"EngagementLift":4.502379281,"ValueLiftInterval":0.0,"ExperimentColor":"Green"},{"Heading":"Your models might not be performing as expected.","EngagementLiftInterval":8.64,"Accepts_Control":1,"IsActive":true,"ConfidenceLevel":"","SnapshotTime":"1970-01-01T00:00:00.000Z","ExperimentName":"NBAHealth_PropensityPriority","AcceptRate_Control":0.0,"RunType":"Impact Analyzer","ApplicationStack":"LMMS","AcceptRate_NBA":0.0,"KeyIdentifier":"NBAHealth_PropensityPriority!All channels!Yesterday","IsSignificant":false,"LastDataReceived":"Yesterday","ExperimentLabel":"How is Next-Best-Action performing against arbitrating by propensity-only?","AggregationFrequency":"Daily","ActionValuePerImp_NBA":0.0,"pzInsKey":"PEGAAES-DATA-CDHSNAPSHOT-BIZPERF-IMPACTANALYZER-DAILY LMMS-CLOUDPROD!19700101T000000.000 GMT!LMMS!IMPACT ANALYZER!NBAHEALTH_PROPENSITYPRIORITY!ALL CHANNELS!YESTERDAY","Accepts_NBA":449,"Guidance":"Check “Performance of AI” test and review models in prediction studio.","pxObjClass":"PegaAES-Data-CDHSnapshot-BizPerf-ImpactAnalyzer-Daily","Impressions_Control":151,"Impressions_NBA":15341,"Type":"Impact Analyzer","ChannelName":"All channels","ActionValuePerImp_Control":0.0,"ValueLift":0E-9,"EngagementLift":3.419464151,"ExperimentColor":"Red","ValueLiftInterval":0.0},{"Heading":"Lift analysis not available for the selected timeframe and context","IsActive":false,"EngagementLiftInterval":0.0,"Accepts_Control":0,"ConfidenceLevel":"","SnapshotTime":"1970-01-01T00:00:00.000Z","ExperimentName":"NBAHealth_EngagementPolicy","AcceptRate_Control":0.0,"RunType":"Impact Analyzer","ApplicationStack":"LMMS","AcceptRate_NBA":0.0,"KeyIdentifier":"NBAHealth_EngagementPolicy!Email!Yesterday","LastDataReceived":"Yesterday","IsSignificant":false,"ExperimentLabel":"How is Next-Best-Action performing against applying only eligibility criteria?","AggregationFrequency":"Daily","ActionValuePerImp_NBA":0.0,"pzInsKey":"PEGAAES-DATA-CDHSNAPSHOT-BIZPERF-IMPACTANALYZER-DAILY LMMS-CLOUDPROD!19700101T000000.000 GMT!LMMS!IMPACT ANALYZER!NBAHEALTH_ENGAGEMENTPOLICY!EMAIL!YESTERDAY","Accepts_NBA":449,"pxObjClass":"PegaAES-Data-CDHSnapshot-BizPerf-ImpactAnalyzer-Daily","Guidance":"Unable to calculate value and engagement lift because the test and or/control group does not have any clicks or accepts","Impressions_Control":0,"Impressions_NBA":9396,"Type":"Impact Analyzer","ChannelName":"Email","ValueLift":0E-9,"ActionValuePerImp_Control":0.0,"EngagementLift":0E-9,"ValueLiftInterval":0.0,"ExperimentColor":"Gray"},{"Heading":"Your models might not be performing as expected.","EngagementLiftInterval":0.31,"IsActive":true,"Accepts_Control":8,"ConfidenceLevel":"","SnapshotTime":"1970-01-01T00:00:00.000Z","ExperimentName":"NBAHealth_LeverPriority","AcceptRate_Control":0.0,"RunType":"Impact Analyzer","ApplicationStack":"LMMS","AcceptRate_NBA":0.0,"KeyIdentifier":"NBAHealth_LeverPriority!Email!Yesterday","LastDataReceived":"Yesterday","IsSignificant":false,"ExperimentLabel":"How is Next-Best-Action performing against arbitrating with no levers?","AggregationFrequency":"Daily","ActionValuePerImp_NBA":0.0,"pzInsKey":"PEGAAES-DATA-CDHSNAPSHOT-BIZPERF-IMPACTANALYZER-DAILY LMMS-CLOUDPROD!19700101T000000.000 GMT!LMMS!IMPACT ANALYZER!NBAHEALTH_LEVERPRIORITY!EMAIL!YESTERDAY","Accepts_NBA":449,"Guidance":"Check “Performance of AI” test and review models in Prediction Studio","pxObjClass":"PegaAES-Data-CDHSnapshot-BizPerf-ImpactAnalyzer-Daily","Impressions_NBA":9396,"Impressions_Control":79,"Type":"Impact Analyzer","ChannelName":"Email","ActionValuePerImp_Control":0.0,"ValueLift":0E-9,"EngagementLift":-0.528110367,"ExperimentColor":"Red","ValueLiftInterval":0.0},{"Heading":"Your models might not be performing as expected.","Accepts_Control":3,"EngagementLiftInterval":1.46,"IsActive":true,"ConfidenceLevel":"","SnapshotTime":"1970-01-01T00:00:00.000Z","ExperimentName":"NBAHealth_ModelControl","AcceptRate_Control":0.0,"RunType":"Impact Analyzer","ApplicationStack":"LMMS","AcceptRate_NBA":0.0,"KeyIdentifier":"NBAHealth_ModelControl!Email!Yesterday","IsSignificant":false,"LastDataReceived":"Yesterday","ExperimentLabel":"How is adaptive model propensity performing against a random propensity?","AggregationFrequency":"Daily","ActionValuePerImp_NBA":0.0,"pzInsKey":"PEGAAES-DATA-CDHSNAPSHOT-BIZPERF-IMPACTANALYZER-DAILY LMMS-CLOUDPROD!19700101T000000.000 GMT!LMMS!IMPACT ANALYZER!NBAHEALTH_MODELCONTROL!EMAIL!YESTERDAY","Accepts_NBA":2,"pxObjClass":"PegaAES-Data-CDHSnapshot-BizPerf-ImpactAnalyzer-Daily","Guidance":"Review models in Prediction Studio.","Impressions_NBA":25,"Impressions_Control":32,"Type":"Impact Analyzer","ChannelName":"Email","ValueLift":0E-9,"ActionValuePerImp_Control":0.0,"EngagementLift":-0.146666667,"ValueLiftInterval":0.0,"ExperimentColor":"Red"},{"Heading":"Well done. Next-Best-Action is delivering value and engagement lift.","EngagementLiftInterval":9.99,"Accepts_Control":1,"IsActive":true,"ConfidenceLevel":"","SnapshotTime":"1970-01-01T00:00:00.000Z","ExperimentName":"NBAHealth_NBAPrioritization","AcceptRate_Control":0.0,"RunType":"Impact Analyzer","ApplicationStack":"LMMS","AcceptRate_NBA":0.0,"KeyIdentifier":"NBAHealth_NBAPrioritization!Email!Yesterday","IsSignificant":false,"LastDataReceived":"Yesterday","ExperimentLabel":"How is Next-Best-Action performing against a random relevant action?","AggregationFrequency":"Daily","pzInsKey":"PEGAAES-DATA-CDHSNAPSHOT-BIZPERF-IMPACTANALYZER-DAILY LMMS-CLOUDPROD!19700101T000000.000 GMT!LMMS!IMPACT ANALYZER!NBAHEALTH_NBAPRIORITIZATION!EMAIL!YESTERDAY","ActionValuePerImp_NBA":0.0,"Accepts_NBA":449,"Guidance":"Nothing specific to do right now. Continue to monitor.","pxObjClass":"PegaAES-Data-CDHSnapshot-BizPerf-ImpactAnalyzer-Daily","Impressions_Control":107,"Impressions_NBA":9396,"Type":"Impact Analyzer","ChannelName":"Email","ValueLift":0E-9,"ActionValuePerImp_Control":0.0,"EngagementLift":4.113133240,"ValueLiftInterval":0.0,"ExperimentColor":"Green"},{"Heading":"Your models might not be performing as expected.","EngagementLiftInterval":7.74,"Accepts_Control":1,"IsActive":true,"ConfidenceLevel":"","SnapshotTime":"1970-01-01T00:00:00.000Z","ExperimentName":"NBAHealth_PropensityPriority","AcceptRate_Control":0.0,"RunType":"Impact Analyzer","ApplicationStack":"LMMS","AcceptRate_NBA":0.0,"KeyIdentifier":"NBAHealth_PropensityPriority!Email!Yesterday","LastDataReceived":"Yesterday","IsSignificant":false,"ExperimentLabel":"How is Next-Best-Action performing against arbitrating by propensity-only?","AggregationFrequency":"Daily","ActionValuePerImp_NBA":0.0,"pzInsKey":"PEGAAES-DATA-CDHSNAPSHOT-BIZPERF-IMPACTANALYZER-DAILY LMMS-CLOUDPROD!19700101T000000.000 GMT!LMMS!IMPACT ANALYZER!NBAHEALTH_PROPENSITYPRIORITY!EMAIL!YESTERDAY","Accepts_NBA":449,"Guidance":"Check “Performance of AI” test and review models in prediction studio.","pxObjClass":"PegaAES-Data-CDHSnapshot-BizPerf-ImpactAnalyzer-Daily","Impressions_Control":83,"Impressions_NBA":9396,"Type":"Impact Analyzer","ChannelName":"Email","ActionValuePerImp_Control":0.0,"ValueLift":0E-9,"EngagementLift":2.966262227,"ExperimentColor":"Red","ValueLiftInterval":0.0},{"Heading":"Lift analysis not available for the selected timeframe and context","Accepts_Control":0,"EngagementLiftInterval":0.0,"IsActive":false,"ConfidenceLevel":"","SnapshotTime":"1970-01-01T00:00:00.000Z","ExperimentName":"NBAHealth_EngagementPolicy","AcceptRate_Control":0.0,"RunType":"Impact Analyzer","ApplicationStack":"LMMS","AcceptRate_NBA":0.0,"KeyIdentifier":"NBAHealth_EngagementPolicy!Web!Yesterday","IsSignificant":false,"LastDataReceived":"Yesterday","ExperimentLabel":"How is Next-Best-Action performing against applying only eligibility criteria?","AggregationFrequency":"Daily","pzInsKey":"PEGAAES-DATA-CDHSNAPSHOT-BIZPERF-IMPACTANALYZER-DAILY LMMS-CLOUDPROD!19700101T000000.000 GMT!LMMS!IMPACT ANALYZER!NBAHEALTH_ENGAGEMENTPOLICY!WEB!YESTERDAY","ActionValuePerImp_NBA":0.0,"Accepts_NBA":0,"pxObjClass":"PegaAES-Data-CDHSnapshot-BizPerf-ImpactAnalyzer-Daily","Guidance":"Unable to calculate value and engagement lift because the test and or/control group does not have any clicks or accepts","Impressions_NBA":5945,"Impressions_Control":0,"Type":"Impact Analyzer","ChannelName":"Web","ValueLift":0E-9,"ActionValuePerImp_Control":0.0,"EngagementLift":0E-9,"ValueLiftInterval":0.0,"ExperimentColor":"Gray"},{"Heading":"Lift analysis not available for the selected timeframe and context","Accepts_Control":0,"IsActive":true,"EngagementLiftInterval":0.0,"ConfidenceLevel":"","SnapshotTime":"1970-01-01T00:00:00.000Z","ExperimentName":"NBAHealth_LeverPriority","AcceptRate_Control":0.0,"RunType":"Impact Analyzer","ApplicationStack":"LMMS","AcceptRate_NBA":0.0,"KeyIdentifier":"NBAHealth_LeverPriority!Web!Yesterday","LastDataReceived":"Yesterday","IsSignificant":false,"ExperimentLabel":"How is Next-Best-Action performing against arbitrating with no levers?","AggregationFrequency":"Daily","ActionValuePerImp_NBA":0.0,"pzInsKey":"PEGAAES-DATA-CDHSNAPSHOT-BIZPERF-IMPACTANALYZER-DAILY LMMS-CLOUDPROD!19700101T000000.000 GMT!LMMS!IMPACT ANALYZER!NBAHEALTH_LEVERPRIORITY!WEB!YESTERDAY","Accepts_NBA":0,"Guidance":"Unable to calculate value and engagement lift because the test and or/control group does not have any clicks or accepts","pxObjClass":"PegaAES-Data-CDHSnapshot-BizPerf-ImpactAnalyzer-Daily","Impressions_Control":103,"Impressions_NBA":5945,"Type":"Impact Analyzer","ChannelName":"Web","ActionValuePerImp_Control":0.0,"ValueLift":0E-9,"EngagementLift":0E-9,"ExperimentColor":"Gray","ValueLiftInterval":0.0},{"Heading":"Lift analysis not available for the selected timeframe and context","IsActive":true,"EngagementLiftInterval":0.0,"Accepts_Control":0,"ConfidenceLevel":"","SnapshotTime":"1970-01-01T00:00:00.000Z","ExperimentName":"NBAHealth_ModelControl","AcceptRate_Control":0.0,"RunType":"Impact Analyzer","ApplicationStack":"LMMS","AcceptRate_NBA":0.0,"KeyIdentifier":"NBAHealth_ModelControl!Web!Yesterday","LastDataReceived":"Yesterday","IsSignificant":false,"ExperimentLabel":"How is adaptive model propensity performing against a random propensity?","AggregationFrequency":"Daily","ActionValuePerImp_NBA":0.0,"pzInsKey":"PEGAAES-DATA-CDHSNAPSHOT-BIZPERF-IMPACTANALYZER-DAILY LMMS-CLOUDPROD!19700101T000000.000 GMT!LMMS!IMPACT ANALYZER!NBAHEALTH_MODELCONTROL!WEB!YESTERDAY","Accepts_NBA":0,"pxObjClass":"PegaAES-Data-CDHSnapshot-BizPerf-ImpactAnalyzer-Daily","Guidance":"Unable to calculate value and engagement lift because the test and or/control group does not have any clicks or accepts","Impressions_NBA":56,"Impressions_Control":10,"Type":"Impact Analyzer","ChannelName":"Web","ValueLift":0E-9,"ActionValuePerImp_Control":0.0,"EngagementLift":0E-9,"ExperimentColor":"Gray","ValueLiftInterval":0.0},{"Heading":"Lift analysis not available for the selected timeframe and context","EngagementLiftInterval":0.0,"IsActive":true,"Accepts_Control":0,"ConfidenceLevel":"","SnapshotTime":"1970-01-01T00:00:00.000Z","ExperimentName":"NBAHealth_NBAPrioritization","AcceptRate_Control":0.0,"RunType":"Impact Analyzer","ApplicationStack":"LMMS","AcceptRate_NBA":0.0,"KeyIdentifier":"NBAHealth_NBAPrioritization!Web!Yesterday","IsSignificant":false,"LastDataReceived":"Yesterday","ExperimentLabel":"How is Next-Best-Action performing against a random relevant action?","AggregationFrequency":"Daily","ActionValuePerImp_NBA":0.0,"pzInsKey":"PEGAAES-DATA-CDHSNAPSHOT-BIZPERF-IMPACTANALYZER-DAILY LMMS-CLOUDPROD!19700101T000000.000 GMT!LMMS!IMPACT ANALYZER!NBAHEALTH_NBAPRIORITIZATION!WEB!YESTERDAY","Accepts_NBA":0,"Guidance":"Unable to calculate value and engagement lift because the test and or/control group does not have any clicks or accepts","pxObjClass":"PegaAES-Data-CDHSnapshot-BizPerf-ImpactAnalyzer-Daily","Impressions_Control":81,"Impressions_NBA":5945,"Type":"Impact Analyzer","ChannelName":"Web","ValueLift":0E-9,"ActionValuePerImp_Control":0.0,"EngagementLift":0E-9,"ExperimentColor":"Gray","ValueLiftInterval":0.0},{"Heading":"Lift analysis not available for the selected timeframe and context","EngagementLiftInterval":0.0,"IsActive":true,"Accepts_Control":0,"ConfidenceLevel":"","SnapshotTime":"1970-01-01T00:00:00.000Z","ExperimentName":"NBAHealth_PropensityPriority","AcceptRate_Control":0.0,"RunType":"Impact Analyzer","ApplicationStack":"LMMS","AcceptRate_NBA":0.0,"KeyIdentifier":"NBAHealth_PropensityPriority!Web!Yesterday","LastDataReceived":"Yesterday","IsSignificant":false,"ExperimentLabel":"How is Next-Best-Action performing against arbitrating by propensity-only?","AggregationFrequency":"Daily","ActionValuePerImp_NBA":0.0,"pzInsKey":"PEGAAES-DATA-CDHSNAPSHOT-BIZPERF-IMPACTANALYZER-DAILY LMMS-CLOUDPROD!19700101T000000.000 GMT!LMMS!IMPACT ANALYZER!NBAHEALTH_PROPENSITYPRIORITY!WEB!YESTERDAY","Accepts_NBA":0,"pxObjClass":"PegaAES-Data-CDHSnapshot-BizPerf-ImpactAnalyzer-Daily","Guidance":"Unable to calculate value and engagement lift because the test and or/control group does not have any clicks or accepts","Impressions_NBA":5945,"Impressions_Control":68,"Type":"Impact Analyzer","ChannelName":"Web","ValueLift":0E-9,"ActionValuePerImp_Control":0.0,"EngagementLift":0E-9,"ValueLiftInterval":0.0,"ExperimentColor":"Gray"}]}]}