{"pxObjClass":"Data-Decision-ADM-ModelSnapshot","pyAppliesToClass":"Exam-PMDSM-Data-Customer","pySnapshotTime":"20210127T115042.258 GMT","pyModelID":"03053052-28c8-5af8-901e-87e857979b3c","pxInsName":"03053052-28C8-5AF8-901E-87E857979B3C!20180316T134232.265 GMT!PMDSM","pxSaveDateTime":"20210127T115439.273 GMT","pyRelativePositives":31642,"pyNegatives":50134,"pyRelativeResponseCount":81776,"pyActivePredictors":13,"pyPositives":31642,"pzInsKey":"DATA-DECISION-ADM-MODELSNAPSHOT 03053052-28C8-5AF8-901E-87E857979B3C!20180316T134232.265 GMT!PMDSM","pyTotalPredictors":40,"pxApplication":"PMDSM","pyPerformance":0.630013,"pyConfigurationName":"BannerModel","pyResponseCount":81776,"pyRelativeNegatives":50134,"pyName":"BOFFERSUM","pxCommitDateTime":"20210127T115042.267 GMT","pyGroup":"Proactive","pyIssue":"Retention","pyChannel":"Web"}
{"pxObjClass":"Data-Decision-ADM-ModelSnapshot","pyAppliesToClass":"Exam-PMDSM-Data-Customer","pySnapshotTime":"20210201T115042.258 GMT","pyModelID":"03053052-28c8-5af8-901e-87e857979b3c","pxInsName":"03053052-28C8-5AF8-901E-87E857979B3C!20180316T134939.916 GMT!PMDSM","pxSaveDateTime":"20210201T114551.273 GMT","pyRelativePositives":39802,"pyNegatives":65157,"pyRelativeResponseCount":104959,"pyActivePredictors":14,"pyPositives":39802,"pzInsKey":"DATA-DECISION-ADM-MODELSNAPSHOT 03053052-28C8-5AF8-901E-87E857979B3C!20180316T134939.916 GMT!PMDSM","pyTotalPredictors":40,"pxApplication":"PMDSM","pyPerformance":0.632808,"pyConfigurationName":"BannerModel","pyResponseCount":104959,"pyRelativeNegatives":65157,"pyName":"BOFFERSUM","pxCommitDateTime":"20210201T114516.267 GMT","pyGroup":"Proactive","pyIssue":"Retention","pyChannel":"Web"}
{"pxObjClass":"Data-Decision-ADM-ModelSnapshot","pyAppliesToClass":"Exam-PMDSM-Data-Customer","pySnapshotTime":"20210127T115042.258 GMT","pyModelID":"0e5e83b4-6313-5fb2-8947-5e83e37437e9","pxInsName":"0E5E83B4-6313-5FB2-8947-5E83E37437E9!20180316T134232.265 GMT!PMDSM","pxSaveDateTime":"20210127T120545.273 GMT","pyRelativePositives":36829,"pyNegatives":83262,"pyRelativeResponseCount":120091,"pyActivePredictors":9,"pyPositives":36829,"pzInsKey":"DATA-DECISION-ADM-MODELSNAPSHOT 0E5E83B4-6313-5FB2-8947-5E83E37437E9!20180316T134232.265 GMT!PMDSM","pyTotalPredictors":40,"pxApplication":"PMDSM","pyPerformance":0.637436,"pyConfigurationName":"BannerModel","pyResponseCount":120091,"pyRelativeNegatives":83262,"pyName":"BREFRL","pxCommitDateTime":"20210127T115512.267 GMT","pyGroup":"Proactive","pyIssue":"Retention","pyChannel":"Web"}
{"pxObjClass":"Data-Decision-ADM-ModelSnapshot","pyAppliesToClass":"Exam-PMDSM-Data-Customer","pySnapshotTime":"20210201T115042.258 GMT","pyModelID":"0e5e83b4-6313-5fb2-8947-5e83e37437e9","pxInsName":"0E5E83B4-6313-5FB2-8947-5E83E37437E9!20180316T134939.916 GMT!PMDSM","pxSaveDateTime":"20210201T114330.273 GMT","pyRelativePositives":42347,"pyNegatives":103478,"pyRelativeResponseCount":145825,"pyActivePredictors":8,"pyPositives":42347,"pzInsKey":"DATA-DECISION-ADM-MODELSNAPSHOT 0E5E83B4-6313-5FB2-8947-5E83E37437E9!20180316T134939.916 GMT!PMDSM","pyTotalPredictors":40,"pxApplication":"PMDSM","pyPerformance":0.643397,"pyConfigurationName":"BannerModel","pyResponseCount":145825,"pyRelativeNegatives":103478,"pyName":"BREFRL","pxCommitDateTime":"20210201T114516.267 GMT","pyGroup":"Proactive","pyIssue":"Retention","pyChannel":"Web"}
{"pxObjClass":"Data-Decision-ADM-ModelSnapshot","pyAppliesToClass":"Exam-PMDSM-Data-Customer","pySnapshotTime":"20210127T115042.258 GMT","pyModelID":"227dee9d-07d9-5965-84fe-06b1e676fc72","pxInsName":"227DEE9D-07D9-5965-84FE-06B1E676FC72!20180316T134232.265 GMT!PMDSM","pxSaveDateTime":"20210127T120214.273 GMT","pyRelativePositives":18614,"pyNegatives":65002,"pyRelativeResponseCount":83616,"pyActivePredictors":2,"pyPositives":18614,"pzInsKey":"DATA-DECISION-ADM-MODELSNAPSHOT 227DEE9D-07D9-5965-84FE-06B1E676FC72!20180316T134232.265 GMT!PMDSM","pyTotalPredictors":40,"pxApplication":"PMDSM","pyPerformance":0.541326,"pyConfigurationName":"BannerModel","pyResponseCount":83616,"pyRelativeNegatives":65002,"pyName":"BARB01","pxCommitDateTime":"20210127T115042.267 GMT","pyGroup":"Proactive","pyIssue":"Retention","pyChannel":"Web"}
{"pxObjClass":"Data-Decision-ADM-ModelSnapshot","pyAppliesToClass":"Exam-PMDSM-Data-Customer","pySnapshotTime":"20210201T115042.258 GMT","pyModelID":"227dee9d-07d9-5965-84fe-06b1e676fc72","pxInsName":"227DEE9D-07D9-5965-84FE-06B1E676FC72!20180316T134939.916 GMT!PMDSM","pxSaveDateTime":"20210201T113933.273 GMT","pyRelativePositives":30994,"pyNegatives":84714,"pyRelativeResponseCount":115708,"pyActivePredictors":1,"pyPositives":30994,"pzInsKey":"DATA-DECISION-ADM-MODELSNAPSHOT 227DEE9D-07D9-5965-84FE-06B1E676FC72!20180316T134939.916 GMT!PMDSM","pyTotalPredictors":40,"pxApplication":"PMDSM","pyPerformance":0.503621,"pyConfigurationName":"BannerModel","pyResponseCount":115708,"pyRelativeNegatives":84714,"pyName":"BARB01","pxCommitDateTime":"20210201T114133.267 GMT","pyGroup":"Proactive","pyIssue":"Retention","pyChannel":"Web"}
{"pxObjClass":"Data-Decision-ADM-ModelSnapshot","pyAppliesToClass":"Exam-PMDSM-Data-Customer","pySnapshotTime":"20210127T115042.258 GMT","pyModelID":"2f8746cd-c562-5343-b65e-b36908eee5b0","pxInsName":"2F8746CD-C562-5343-B65E-B36908EEE5B0!20180316T134232.265 GMT!PMDSM","pxSaveDateTime":"20210127T120759.273 GMT","pyRelativePositives":7956,"pyNegatives":32856,"pyRelativeResponseCount":40812,"pyActivePredictors":13,"pyPositives":7956,"pzInsKey":"DATA-DECISION-ADM-MODELSNAPSHOT 2F8746CD-C562-5343-B65E-B36908EEE5B0!20180316T134232.265 GMT!PMDSM","pyTotalPredictors":40,"pxApplication":"PMDSM","pyPerformance":0.620597,"pyConfigurationName":"BannerModel","pyResponseCount":40812,"pyRelativeNegatives":32856,"pyName":"BOFFERWIN","pxCommitDateTime":"20210127T115945.267 GMT","pyGroup":"Proactive","pyIssue":"Retention","pyChannel":"Email"}
{"pxObjClass":"Data-Decision-ADM-ModelSnapshot","pyAppliesToClass":"Exam-PMDSM-Data-Customer","pySnapshotTime":"20210201T115042.258 GMT","pyModelID":"2f8746cd-c562-5343-b65e-b36908eee5b0","pxInsName":"2F8746CD-C562-5343-B65E-B36908EEE5B0!20180316T134939.916 GMT!PMDSM","pxSaveDateTime":"20210201T114130.273 GMT","pyRelativePositives":10203,"pyNegatives":42541,"pyRelativeResponseCount":52744,"pyActivePredictors":14,"pyPositives":10203,"pzInsKey":"DATA-DECISION-ADM-MODELSNAPSHOT 2F8746CD-C562-5343-B65E-B36908EEE5B0!20180316T134939.916 GMT!PMDSM","pyTotalPredictors":40,"pxApplication":"PMDSM","pyPerformance":0.628935,"pyConfigurationName":"BannerModel","pyResponseCount":52744,"pyRelativeNegatives":42541,"pyName":"BOFFERWIN","pxCommitDateTime":"20210201T114133.267 GMT","pyGroup":"Proactive","pyIssue":"Retention","pyChannel":"Web"}
{"pxObjClass":"Data-Decision-ADM-ModelSnapshot","pyAppliesToClass":"Exam-PMDSM-Data-Customer","pySnapshotTime":"20210127T115042.258 GMT","pyModelID":"6ef0868a-be0e-5319-aa24-508723d27665","pxInsName":"6EF0868A-BE0E-5319-AA24-508723D27665!20180316T134232.265 GMT!PMDSM","pxSaveDateTime":"20210127T120448.273 GMT","pyRelativePositives":2996,"pyNegatives":1692,"pyRelativeResponseCount":4688,"pyActivePredictors":8,"pyPositives":2996,"pzInsKey":"DATA-DECISION-ADM-MODELSNAPSHOT 6EF0868A-BE0E-5319-AA24-508723D27665!20180316T134232.265 GMT!PMDSM","pyTotalPredictors":40,"pxApplication":"PMDSM","pyPerformance":0.552444,"pyConfigurationName":"SalesModel","pyResponseCount":4688,"pyRelativeNegatives":1692,"pyName":"PSEXTCONTR","pxCommitDateTime":"20210127T115512.267 GMT","pyGroup":"Reactive","pyIssue":"Sales","pyChannel":"Email"}
{"pxObjClass":"Data-Decision-ADM-ModelSnapshot","pyAppliesToClass":"Exam-PMDSM-Data-Customer","pySnapshotTime":"20210201T115042.258 GMT","pyModelID":"6ef0868a-be0e-5319-aa24-508723d27665","pxInsName":"6EF0868A-BE0E-5319-AA24-508723D27665!20180316T134939.916 GMT!PMDSM","pxSaveDateTime":"20210201T114028.273 GMT","pyRelativePositives":6442,"pyNegatives":3558,"pyRelativeResponseCount":10131,"pyActivePredictors":13,"pyPositives":6442,"pzInsKey":"DATA-DECISION-ADM-MODELSNAPSHOT 6EF0868A-BE0E-5319-AA24-508723D27665!20180316T134939.916 GMT!PMDSM","pyTotalPredictors":40,"pxApplication":"PMDSM","pyPerformance":0.557557,"pyConfigurationName":"SalesModel","pyResponseCount":10131,"pyRelativeNegatives":3558,"pyName":"PSEXTCONTR","pxCommitDateTime":"20210201T114133.267 GMT","pyGroup":"Reactive","pyIssue":"Sales","pyChannel":"Email"}
{"pxObjClass":"Data-Decision-ADM-ModelSnapshot","pyAppliesToClass":"Exam-PMDSM-Data-Customer","pySnapshotTime":"20210127T115042.258 GMT","pyModelID":"7bf31ac7-8562-522f-8f95-7d35e3c7a96f","pxInsName":"7BF31AC7-8562-522F-8F95-7D35E3C7A96F!20180316T134232.265 GMT!PMDSM","pxSaveDateTime":"20210127T120929.273 GMT","pyRelativePositives":50434,"pyNegatives":80458,"pyRelativeResponseCount":130892,"pyActivePredictors":11,"pyPositives":50434,"pzInsKey":"DATA-DECISION-ADM-MODELSNAPSHOT 7BF31AC7-8562-522F-8F95-7D35E3C7A96F!20180316T134232.265 GMT!PMDSM","pyTotalPredictors":40,"pxApplication":"PMDSM","pyPerformance":0.628112,"pyConfigurationName":"BannerModel","pyResponseCount":130892,"pyRelativeNegatives":80458,"pyName":"BMOBILEAPP","pxCommitDateTime":"20210127T115945.267 GMT","pyGroup":"Reactive","pyIssue":"Retention","pyChannel":"Web"}
{"pxObjClass":"Data-Decision-ADM-ModelSnapshot","pyAppliesToClass":"Exam-PMDSM-Data-Customer","pySnapshotTime":"20210201T115042.258 GMT","pyModelID":"7bf31ac7-8562-522f-8f95-7d35e3c7a96f","pxInsName":"7BF31AC7-8562-522F-8F95-7D35E3C7A96F!20180316T134939.916 GMT!PMDSM","pxSaveDateTime":"20210201T114725.273 GMT","pyRelativePositives":64274,"pyNegatives":104196,"pyRelativeResponseCount":168470,"pyActivePredictors":10,"pyPositives":64274,"pzInsKey":"DATA-DECISION-ADM-MODELSNAPSHOT 7BF31AC7-8562-522F-8F95-7D35E3C7A96F!20180316T134939.916 GMT!PMDSM","pyTotalPredictors":40,"pxApplication":"PMDSM","pyPerformance":0.629123,"pyConfigurationName":"BannerModel","pyResponseCount":168470,"pyRelativeNegatives":104196,"pyName":"BMOBILEAPP","pxCommitDateTime":"20210201T114830.267 GMT","pyGroup":"Reactive","pyIssue":"Retention","pyChannel":"Web"}
{"pxObjClass":"Data-Decision-ADM-ModelSnapshot","pyAppliesToClass":"Exam-PMDSM-Data-Customer","pySnapshotTime":"20210127T115042.258 GMT","pyModelID":"7cf6a839-9eba-5765-8856-1031b1e60315","pxInsName":"7CF6A839-9EBA-5765-8856-1031B1E60315!20180316T134232.265 GMT!PMDSM","pxSaveDateTime":"20210127T115806.273 GMT","pyRelativePositives":96,"pyNegatives":183,"pyRelativeResponseCount":279,"pyActivePredictors":22,"pyPositives":96,"pzInsKey":"DATA-DECISION-ADM-MODELSNAPSHOT 7CF6A839-9EBA-5765-8856-1031B1E60315!20180316T134232.265 GMT!PMDSM","pyTotalPredictors":40,"pxApplication":"PMDSM","pyPerformance":0.556438,"pyConfigurationName":"SalesModel","pyResponseCount":279,"pyRelativeNegatives":183,"pyName":"PSDISCOUNT100","pxCommitDateTime":"20210127T115042.267 GMT","pyGroup":"Reactive","pyIssue":"Sales","pyChannel":"Email"}
{"pxObjClass":"Data-Decision-ADM-ModelSnapshot","pyAppliesToClass":"Exam-PMDSM-Data-Customer","pySnapshotTime":"20210201T115042.258 GMT","pyModelID":"7cf6a839-9eba-5765-8856-1031b1e60315","pxInsName":"7CF6A839-9EBA-5765-8856-1031B1E60315!20180316T134939.916 GMT!PMDSM","pxSaveDateTime":"20210201T114436.273 GMT","pyRelativePositives":213,"pyNegatives":322,"pyRelativeResponseCount":535,"pyActivePredictors":25,"pyPositives":213,"pzInsKey":"DATA-DECISION-ADM-MODELSNAPSHOT 7CF6A839-9EBA-5765-8856-1031B1E60315!20180316T134939.916 GMT!PMDSM","pyTotalPredictors":40,"pxApplication":"PMDSM","pyPerformance":0.568082,"pyConfigurationName":"SalesModel","pyResponseCount":535,"pyRelativeNegatives":322,"pyName":"PSDISCOUNT100","pxCommitDateTime":"20210201T114516.267 GMT","pyGroup":"Reactive","pyIssue":"Sales","pyChannel":"Email"}
{"pxObjClass":"Data-Decision-ADM-ModelSnapshot","pyAppliesToClass":"Exam-PMDSM-Data-Customer","pySnapshotTime":"20210127T115042.258 GMT","pyModelID":"929eaf21-34b2-5f2b-8d70-fed3b37a1f51","pxInsName":"929EAF21-34B2-5F2B-8D70-FED3B37A1F51!20180316T134232.265 GMT!PMDSM","pxSaveDateTime":"20210127T121052.273 GMT","pyRelativePositives":5607,"pyNegatives":4393,"pyRelativeResponseCount":26390,"pyActivePredictors":14,"pyPositives":5607,"pzInsKey":"DATA-DECISION-ADM-MODELSNAPSHOT 929EAF21-34B2-5F2B-8D70-FED3B37A1F51!20180316T134232.265 GMT!PMDSM","pyTotalPredictors":40,"pxApplication":"PMDSM","pyPerformance":0.620887,"pyConfigurationName":"SalesModel","pyResponseCount":26390,"pyRelativeNegatives":4393,"pyName":"PSDISCOUNT10","pxCommitDateTime":"20210127T115945.267 GMT","pyGroup":"Reactive","pyIssue":"Sales","pyChannel":"Email"}
{"pxObjClass":"Data-Decision-ADM-ModelSnapshot","pyAppliesToClass":"Exam-PMDSM-Data-Customer","pySnapshotTime":"20210201T115042.258 GMT","pyModelID":"929eaf21-34b2-5f2b-8d70-fed3b37a1f51","pxInsName":"929EAF21-34B2-5F2B-8D70-FED3B37A1F51!20180316T134939.916 GMT!PMDSM","pxSaveDateTime":"20210201T115042.273 GMT","pyRelativePositives":5776,"pyNegatives":4224,"pyRelativeResponseCount":28138,"pyActivePredictors":12,"pyPositives":5776,"pzInsKey":"DATA-DECISION-ADM-MODELSNAPSHOT 929EAF21-34B2-5F2B-8D70-FED3B37A1F51!20180316T134939.916 GMT!PMDSM","pyTotalPredictors":40,"pxApplication":"PMDSM","pyPerformance":0.629565,"pyConfigurationName":"SalesModel","pyResponseCount":28138,"pyRelativeNegatives":4224,"pyName":"PSDISCOUNT10","pxCommitDateTime":"20210201T115042.267 GMT","pyGroup":"Reactive","pyIssue":"Sales","pyChannel":"Email"}
{"pxObjClass":"Data-Decision-ADM-ModelSnapshot","pyAppliesToClass":"Exam-PMDSM-Data-Customer","pySnapshotTime":"20210127T115042.258 GMT","pyModelID":"9c918350-ed7a-5d4c-9656-7d915320f693","pxInsName":"9C918350-ED7A-5D4C-9656-7D915320F693!20180316T134232.265 GMT!PMDSM","pxSaveDateTime":"20210127T115042.273 GMT","pyRelativePositives":6789,"pyNegatives":3211,"pyRelativeResponseCount":27022,"pyActivePredictors":12,"pyPositives":6789,"pzInsKey":"DATA-DECISION-ADM-MODELSNAPSHOT 9C918350-ED7A-5D4C-9656-7D915320F693!20180316T134232.265 GMT!PMDSM","pyTotalPredictors":40,"pxApplication":"PMDSM","pyPerformance":0.616707,"pyConfigurationName":"SalesModel","pyResponseCount":27022,"pyRelativeNegatives":3211,"pyName":"PSEOFFER","pxCommitDateTime":"20210127T115042.267 GMT","pyGroup":"Reactive","pyIssue":"Sales","pyChannel":"Email"}
{"pxObjClass":"Data-Decision-ADM-ModelSnapshot","pyAppliesToClass":"Exam-PMDSM-Data-Customer","pySnapshotTime":"20210201T115042.258 GMT","pyModelID":"9c918350-ed7a-5d4c-9656-7d915320f693","pxInsName":"9C918350-ED7A-5D4C-9656-7D915320F693!20180316T134939.916 GMT!PMDSM","pxSaveDateTime":"20210201T114907.273 GMT","pyRelativePositives":6797,"pyNegatives":3203,"pyRelativeResponseCount":34492,"pyActivePredictors":12,"pyPositives":6797,"pzInsKey":"DATA-DECISION-ADM-MODELSNAPSHOT 9C918350-ED7A-5D4C-9656-7D915320F693!20180316T134939.916 GMT!PMDSM","pyTotalPredictors":40,"pxApplication":"PMDSM","pyPerformance":0.61795,"pyConfigurationName":"SalesModel","pyResponseCount":34492,"pyRelativeNegatives":3203,"pyName":"PSEOFFER","pxCommitDateTime":"20210201T114830.267 GMT","pyGroup":"Reactive","pyIssue":"Sales","pyChannel":"Email"}
{"pxObjClass":"Data-Decision-ADM-ModelSnapshot","pyAppliesToClass":"Exam-PMDSM-Data-Customer","pySnapshotTime":"20210127T115042.258 GMT","pyModelID":"b4e32dca-f9e2-5070-bfb0-7280fac39509","pxInsName":"B4E32DCA-F9E2-5070-BFB0-7280FAC39509!20180316T134232.265 GMT!PMDSM","pxSaveDateTime":"20210127T121313.273 GMT","pyRelativePositives":92,"pyNegatives":170,"pyRelativeResponseCount":262,"pyActivePredictors":21,"pyPositives":92,"pzInsKey":"DATA-DECISION-ADM-MODELSNAPSHOT B4E32DCA-F9E2-5070-BFB0-7280FAC39509!20180316T134232.265 GMT!PMDSM","pyTotalPredictors":40,"pxApplication":"PMDSM","pyPerformance":0.544661,"pyConfigurationName":"SalesModel","pyResponseCount":262,"pyRelativeNegatives":170,"pyName":"PSFAMDISCNT","pxCommitDateTime":"20210127T120311.267 GMT","pyGroup":"Reactive","pyIssue":"Sales","pyChannel":"Email"}
{"pxObjClass":"Data-Decision-ADM-ModelSnapshot","pyAppliesToClass":"Exam-PMDSM-Data-Customer","pySnapshotTime":"20210201T115042.258 GMT","pyModelID":"b4e32dca-f9e2-5070-bfb0-7280fac39509","pxInsName":"B4E32DCA-F9E2-5070-BFB0-7280FAC39509!20180316T134939.916 GMT!PMDSM","pxSaveDateTime":"20210201T114822.273 GMT","pyRelativePositives":92,"pyNegatives":170,"pyRelativeResponseCount":262,"pyActivePredictors":21,"pyPositives":92,"pzInsKey":"DATA-DECISION-ADM-MODELSNAPSHOT B4E32DCA-F9E2-5070-BFB0-7280FAC39509!20180316T134939.916 GMT!PMDSM","pyTotalPredictors":40,"pxApplication":"PMDSM","pyPerformance":0.544661,"pyConfigurationName":"SalesModel","pyResponseCount":262,"pyRelativeNegatives":170,"pyName":"PSFAMDISCNT","pxCommitDateTime":"20210201T114830.267 GMT","pyGroup":"Reactive","pyIssue":"Sales","pyChannel":"Email"}
